Workbook

Sheet README
B1: Pond IMTA vs fish polyculture: LCA results and circular KPI decision tool
B2: Source: INTEGRATE deliverable PI05#3 (IPMA & CTAQUA, 2020) · KPI layer by K. M. Chougule
B4: 1 What this workbook does
B6: It takes the inventory and the life cycle impact results of the INTEGRATE pond study and turns them into a KPI decision tool: 13 KPIs (7 environmental, 6 circularity) with targets and a pass / fail score for three farm designs. Every result is a live formula: change a yellow input and the KPIs, charts and tables update.
B7: Functional unit: 1 tonne of aquatic product (fish + oyster flesh) at the farm gate, one production cycle. Macroalgae are a co-product outside the functional unit.
B9: 2 Systems compared
B11: Code | C11: System | D11: Site | F11: Species and role
B12: SI-IMTA | C12: Semi-intensive pond IMTA | D12: IPMA research station, Olhao, Portugal | F12: Meagre, white seabream, mullet + oysters + macroalgae (Ulva)
B13: SE-IMTA | C13: Semi-extensive pond IMTA | D13: Estero Natural, Cadiz, Spain | F13: Gilthead seabream + oysters; macroalgae pond fed by the fishpond outflow; tidal water exchange
B14: SI-POLY | C14: Semi-intensive fish polyculture | D14: IPMA research station, Olhao, Portugal | F14: Meagre + gilthead seabream, fish only. Conventional baseline
B16: 3 Key results (live, per tonne of fish + oyster)
B18: Indicator | D18: Semi-intensive pond IMTA | E18: Semi-extensive pond IMTA | F18: Semi-intensive fish polyculture
B19: KPI targets met (of 13) | D19: ='KPI framework'!J22 -> 9 / 13 | E19: ='KPI framework'!K22 -> 12 / 13 | F19: ='KPI framework'!L22 -> 0 / 13
B20: Global warming, kg CO2-eq/t | D20: =Comparison!C5 -> 2801 | E20: =Comparison!D5 -> 1255 | F20: =Comparison!E5 -> 2836
B21: Eutrophication, kg PO4-eq/t | D21: =Comparison!C9 -> 26 | E21: =Comparison!D9 -> 2 | F21: =Comparison!E9 -> 61
B22: Land competition, m2a/t | D22: =Comparison!C10 -> 2946 | E22: =Comparison!D10 -> 4885 | F22: =Comparison!E10 -> 2379
B23: Water dependence, m3/t | D23: =Comparison!C11 -> 163840 | E23: =Comparison!D11 -> 115691 | F23: =Comparison!E11 -> 393002
B24: Nitrogen use efficiency | D24: ='Nutrient balance'!C13 -> 0.46975888 | E24: ='Nutrient balance'!D13 -> 1.1060393 | F24: ='Nutrient balance'!E13 -> 0.20175724
B25: Net N released, kg N/t (minus = uptake) | D25: ='Nutrient balance'!C14 -> 54.738487 | E25: ='Nutrient balance'!D14 -> -3.7987421 | F25: ='Nutrient balance'!E14 -> 95.929607
B26: Semi-extensive IMTA scores best on 6 of 7 impacts; both IMTA systems need more land than the fish-only pond.
B28: 4 Tabs (click a name to open it)
B30: Tab | C30: What you find there | F30: Type
B31: Goal & scope | C31: Functional unit, boundary, software, impact categories, allocation | F31: Reference
B32: Flow diagrams | C32: How the fish waste is used in each system, with the flows | F32: Pictures + data
B33: Metadata | C33: Dataset description in the LCIS2024 structure | F33: Reference
B34: Inventory | C34: Table 4 of the report per pond and cycle (yellow), scaled to 1 t of product | F34: Input + calculation
B35: Nutrient balance | C35: N and P from feed to fish + oysters, macroalgae and water (Table 5) | F35: Input + calculation
B36: LCI per tonne | C36: Foreground inventory for one functional unit, grouped into inputs and outputs | F36: Calculation
B37: LCIA (Annex 1) | C37: Impacts per tonne for 11 processes and 7 categories, with shares | F37: Input + calculation
B38: Contribution analysis | C38: Share of each process in each impact (heatmap) and contribution charts | F38: Calculation + charts
B39: Comparison | C39: Totals side by side and change against the fish-only pond | F39: Calculation + chart
B40: KPI framework | C40: 13 KPIs with targets and pass / fail; the improvement target is in F5 | F40: Input + calculation
B41: Dashboard | C41: Score per system and two summary charts | F41: Results + charts
... B45: Sources | C45: Report, method references and publications | F45: Reference
B47: 5 Colour code
B49: 1888 | C49: Input from the report. You can change it.
B50: =B49*2 -> 3776 | C50: Formula. Do not type over it.
B51: ✓ | C51: KPI target met
B52: ✗ | C52: KPI target not met
B54: 6 Things to try
B56: Step | C56: Where
B57: Change the improvement target from 10 % to 0 % | C57: KPI framework F5 | D57: More environmental KPIs pass for the semi-intensive IMTA
B58: Lower the semi-intensive IMTA feed | C58: Inventory C6 | D58: Feed N, N released, FCR and N use efficiency update
B59: Set the semi-intensive IMTA oyster gain to 0 | C59: Inventory C19 | D59: The functional unit shrinks and per-tonne values rise
B61: 7 About
B63: Data source | C63: INTEGRATE deliverable PI05#3 (IPMA & CTAQUA, 2020): Table 4 inventory, Table 5 nutrients, Annex 1 impacts
B64: Added here | C64: Scaling to the functional unit, recalculated N and P balance, 13 KPIs with targets, data checks, charts
B65: Targets | C65: Placeholders for a stakeholder workshop; change them in the KPI framework tab
B66: Licence | C66: Report data: INTEGRATE partners. KPI layer: CC BY 4.0. Code: MIT
B67: Repository | C67: github.com/malleshkomal/Life-cycle-assessment-of-Integrated-Multi-Trophical-Aquaculture-
B68: Works offline | C68: No macros, no external links

Sheet Goal & scope
A1: Life cycle assessment of pond IMTA and fish polyculture - goal and scope (ISO 14040/44)
A2: Source: INTEGRATE deliverable PI05#3 (IPMA & CTAQUA, 2020)
A4: Item | B4: Choice in the study | C4: Note
A5: Goal | B5: Compare the potential environmental impacts of semi-intensive and semi-extensive pond IMTA with a conventional semi-intensive fishpond polyculture. | C5: INTEGRATE project (Interreg Atlantic Area, EAPA_232/2016), WP5 Action 2
A6: Functional unit | B6: 1 tonne of aquatic product (fish + oyster flesh weight gain) at the farm gate, one production cycle | C6: Macroalgae are an associated downstream product and are not part of the functional unit
A7: System boundary | B7: Farm operation plus production of inputs: fry and oyster spat, feeds, energy, equipment, buildings, vehicles, chemicals, transport; emissions from uneaten feed and excretion | C7: Packaging and transport to the retailer excluded (not full cradle-to-gate)
A8: Allocation | B8: None between fish and oysters (mass sum); infrastructure, vehicles and electricity allocated by production-pond area / total pond area | C8: See Hala, Chougule et al. (2024) for why allocation is a key IMTA challenge
A9: Nutrient emissions | B9: Nutrient balance: N and P in feed minus N and P retained in harvested biomass (Cho & Kaushik 1990) | C9: Table 5
A10: Software | B10: Piscentool (Excel interface, project Piscenlit; Wilfart et al. 2012), SimaPro background | C10: Fry: carp-fry LCA profile used as default
A11: Impact categories | B11: GW kg CO2-eq; TCED MJ-eq; NPPU kg C; Acidification kg SO2-eq; Eutrophication kg PO4-eq; Land competition m2a; Water dependence m3 | C11: CML-type midpoints with the aquaculture-specific NPPU and WD
A12: Data | B12: Primary data from daily farm records (water renewal, aeration, feed, mortality), feed supplier data, facility records | C12: Experimental-scale ponds (665-1,700 m2)
A13: Baseline | B13: Semi-intensive fishpond polyculture (fish only) | C13: Annex 1 labels it 'Semi-intensive MONO'

Sheet Flow diagrams
A1: Flow diagrams - how the fish waste is used in each system (per pond and production cycle)
A2: Source: INTEGRATE deliverable PI05#3 (IPMA & CTAQUA, 2020)
A3: Diagrams from make_flow.py (static). The table next to each one is live: it reads the Inventory and Nutrient balance tabs.
A5: Semi-intensive pond IMTA
P6: Data: Semi-intensive pond IMTA, one pond and cycle
P7: Flow | Q7: Value | R7: Unit
P8: Fish feed | Q8: =Inventory!C6 -> 1888 | R8: kg
P9: N in feed | Q9: ='Nutrient balance'!C8 -> 126.8736 | R9: kg N
P10: Fry + oyster spat stocked | Q10: =Inventory!C8+Inventory!C9 -> 682.5 | R10: kg
P11: Seawater | Q11: =Inventory!C7 -> 101110 | R11: m3
P12: Fish gained | Q12: =Inventory!C18 -> 1099 | R12: kg
P13: Oyster flesh gained | Q13: =Inventory!C19 -> 130 | R13: kg
P14: Macroalgae harvest | Q14: =Inventory!C20 -> 1224 | R14: kg
P15: N in fish + oysters | Q15: ='Nutrient balance'!C9 -> 29 | R15: kg N
P16: N in macroalgae | Q16: ='Nutrient balance'!C10 -> 30.6 | R16: kg N
P17: N in products | Q17: ='Nutrient balance'!C9+'Nutrient balance'!C10 -> 59.6 | R17: kg N
P18: N released (Table 5; minus = net uptake) | Q18: ='Nutrient balance'!C12 -> 67.2 | R18: kg N
P19: N use efficiency | Q19: ='Nutrient balance'!C13 -> 0.46975888 | R19: %
A32: Semi-extensive pond IMTA
P33: Data: Semi-extensive pond IMTA, one pond and cycle
P34: Flow | Q34: Value | R34: Unit
P35: Fish feed | Q35: =Inventory!D6 -> 89 | R35: kg
P36: N in feed | Q36: ='Nutrient balance'!D8 -> 5.696 | R36: kg N
P37: Fry + oyster spat stocked | Q37: =Inventory!D8+Inventory!D9 -> 59.4 | R37: kg
P38: Seawater | Q38: =Inventory!D7 -> 7185 | R38: m3
P39: Fish gained | Q39: =Inventory!D18 -> 65 | R39: kg
P40: Oyster flesh gained | Q40: =Inventory!D19 -> 94 | R40: kg
P41: Macroalgae harvest | Q41: =Inventory!D20 -> 35400 | R41: kg
P42: N in fish + oysters | Q42: ='Nutrient balance'!D9 -> 4.5 | R42: kg N
P43: N in macroalgae | Q43: ='Nutrient balance'!D10 -> 1.8 | R43: kg N
P44: N in products | Q44: ='Nutrient balance'!D9+'Nutrient balance'!D10 -> 6.3 | R44: kg N
P45: N released (Table 5; minus = net uptake) | Q45: ='Nutrient balance'!D12 -> -0.5 | R45: kg N
P46: N use efficiency | Q46: ='Nutrient balance'!D13 -> 1.1060393 | R46: %
A59: Semi-intensive fish polyculture
P60: Data: Semi-intensive fish polyculture, one pond and cycle
P61: Flow | Q61: Value | R61: Unit
P62: Fish feed | Q62: =Inventory!E6 -> 10975 | R62: kg
P63: N in feed | Q63: ='Nutrient balance'!E8 -> 737.52 | R63: kg N
P64: Fry + oyster spat stocked | Q64: =Inventory!E8+Inventory!E9 -> 91 | R64: kg
P65: Seawater | Q65: =Inventory!E7 -> 1201764 | R65: m3
P66: Fish gained | Q66: =Inventory!E18 -> 6137 | R66: kg
P67: Oyster flesh gained | Q67: =Inventory!E19 -> 0 | R67: kg
P68: Macroalgae harvest | Q68: =Inventory!E20 -> 0 | R68: kg
P69: N in fish + oysters | Q69: ='Nutrient balance'!E9 -> 148.8 | R69: kg N
P70: N in macroalgae | Q70: ='Nutrient balance'!E10 -> 0 | R70: kg N
P71: N in products | Q71: ='Nutrient balance'!E9+'Nutrient balance'!E10 -> 148.8 | R71: kg N
P72: N released (Table 5; minus = net uptake) | Q72: ='Nutrient balance'!E12 -> 588.7 | R72: kg N
P73: N use efficiency | Q73: ='Nutrient balance'!E13 -> 0.20175724 | R73: %

Sheet Metadata
A1: Metadata (LCIS2024 structure, Nair, Chougule et al. 2025)
A2: Source: INTEGRATE deliverable PI05#3 (IPMA & CTAQUA, 2020)
A4: Element | B4: Label | C4: Value
A5: Dataset | B5: Name | C5: imta-integrate-lci
A6: Dataset | B6: Version | C6: 1.0.0
A7: Dataset | B7: UDI | C7: 53eb108d-c771-575e-ac70-d99573e5655b
A8: Dataset | B8: Description | C8: Foreground LCI and LCIA results of three earthen-pond aquaculture systems from INTEGRATE deliverable PI05#3
A9: Dataset | B9: Functional unit | C9: 1 t aquatic product (fish + oyster flesh) at farm gate
A10: Dataset | B10: Region | C10: Portugal (Olhao, Ria Formosa) and Spain (Cadiz)
A11: Dataset | B11: Time period | C11: 2017-2019 (one production cycle per system)
A12: Source | B12: Report | C12: LCA of aquaculture systems: comparison between semi-intensive/extensive pond IMTA and semi-intensive traditional fishpond production. Deliverable PI05#3, submitted 23/07/2020
A13: Source | B13: Lead / contributing partners | C13: IPMA; IPMA and CTAQUA
A14: Source | B14: Software | C14: Piscentool
A15: Licence | B15: Data | C15: Report data belong to the INTEGRATE partners; KPI layer CC BY 4.0
... A17: Glossary | B17: Abbreviations | C17: IMTA integrated multi-trophic aquaculture; POLY polyculture; SI semi-intensive; SE semi-extensive; FCR feed conversion ratio; NPPU net primary production use; TCED total cumulative energy demand; WD water dependence; LC land competition

Sheet Inventory
A1: Inventory - Table 4 of the report (per production pond and cycle) and scaling to the functional unit
A2: Source: INTEGRATE deliverable PI05#3 (IPMA & CTAQUA, 2020)
A4: Parameter | B4: Unit | C4: Semi-intensive pond IMTA | D4: Semi-extensive pond IMTA | E4: Semi-intensive fish polyculture | F4: Source / note
A5: cycle length | B5: months | C5: 5.3 | D5: 8.5 | E5: 26 | F5: Table 4
A6: feed | B6: kg | C6: 1888 | D6: 89 | E6: 10975 | F6: Table 4
A7: seawater used | B7: m3 | C7: 101110 | D7: 7185 | E7: 1201764 | F7: Table 4
A8: fish stocked | B8: kg | C8: 677 | D8: 45 | E8: 91 | F8: Table 4 (initial fish biomass)
A9: oyster stocked | B9: kg flesh | C9: 5.5 | D9: 14.4 | E9: 0 | F9: Table 4 (initial oyster flesh biomass)
A10: diet protein | B10: % | C10: 42 | D10: 40 | E10: 42 | F10: Table 4
A11: diet lipid | B11: % | C11: 18 | D11: 18 | E11: 18 | F11: Table 4
A12: diet cellulose | B12: % | C12: 3 | D12: 3.5 | E12: 3 | F12: Table 4
A13: diet ash | B13: % | C13: 9 | D13: 9 | E13: 9 | F13: Table 4
A14: diet phosphorus | B14: % | C14: 1.4 | D14: 1.3 | E14: 1.4 | F14: Table 4
A15: farm area | B15: m2 | C15: 90000 | D15: 285000 | E15: 90000 | F15: Table 4
A16: farm pond area | B16: m2 | C16: 23600 | D16: 200000 | E16: 23600 | F16: Table 4
... A21: fcr reported | B21: - | C21: 1.72 | D21: 0.56 | E21: 1.79 | F21: Table 4
A23: Scaling to the functional unit (formulas)
A24: fish + oyster flesh gain | B24: kg | C24: =C18+C19 -> 1229 | D24: =D18+D19 -> 159 | E24: =E18+E19 -> 6137 | F24: functional unit basis
A25: scaling factor to 1 t | B25: - | C25: =1000/C24 -> 0.81366965 | D25: =1000/D24 -> 6.2893082 | E25: =1000/E24 -> 0.16294606 | F25: 1,000 kg / product
A26: FCR, feed / fish gain | B26: kg/kg | C26: =C6/C18 -> 1.7179254 | D26: =D6/D18 -> 1.3692308 | E26: =E6/E18 -> 1.7883331 | F26: compare with reported FCR
A27: feed / (fish + oyster gain) | B27: kg/kg | C27: =C6/C24 -> 1.5362083 | D27: =D6/D24 -> 0.55974843 | E27: =E6/E24 -> 1.7883331 | F27: explains the reported 0.56 of the semi-extensive IMTA
A28: farm area allocated to the pond x cycle | B28: m2a | C28: =C15*C17/C16*C5/12 -> 1179.0254 | D28: =D15*D17/D16*D5/12 -> 671.23438 | E28: =E15*E17/E16*E5/12 -> 14046.61 | F28: report rule: pond area / total pond area

Sheet Nutrient balance
A1: Nutrient balance - where the N and P in the feed go (per pond and cycle, Table 5)
A2: Source: INTEGRATE deliverable PI05#3 (IPMA & CTAQUA, 2020)
A4: Item | B4: Unit | C4: Semi-intensive pond IMTA | D4: Semi-extensive pond IMTA | E4: Semi-intensive fish polyculture | F4: Source / note
A5: protein to N factor | C5: 6.25 | F5: N = protein / 6.25
A7: Nitrogen (kg N)
A8: N in feed | B8: kg | C8: =Inventory!C6*Inventory!C10/100/$C$5 -> 126.8736 | D8: =Inventory!D6*Inventory!D10/100/$C$5 -> 5.696 | E8: =Inventory!E6*Inventory!E10/100/$C$5 -> 737.52 | F8: formula from feed and recipe
A9: N in fish + oysters | B9: kg | C9: 29 | D9: 4.5 | E9: 148.8 | F9: Table 5
A10: N in macroalgae | B10: kg | C10: 30.6 | D10: 1.8 | E10: 0 | F10: Table 5
A11: N released to water (net) | B11: kg | C11: =C8-C9-C10 -> 67.2736 | D11: =D8-D9-D10 -> -0.604 | E11: =E8-E9-E10 -> 588.72 | F11: negative = net uptake from the environment
A12: N rejection reported | B12: kg | C12: 67.2 | D12: -0.5 | E12: 588.7 | F12: Table 5, for comparison
A13: N use efficiency | B13: % | C13: =(C9+C10)/C8 -> 0.46975888 | D13: =(D9+D10)/D8 -> 1.1060393 | E13: =(E9+E10)/E8 -> 0.20175724 | F13: N or P in all products / N or P in feed
A14: N released per t product | B14: kg | C14: =C11*Inventory!C25 -> 54.738487 | D14: =D11*Inventory!D25 -> -3.7987421 | E14: =E11*Inventory!E25 -> 95.929607 | F14: kg per tonne fish + oyster
A16: Phosphorus (kg P)
A17: P in feed | B17: kg | C17: =Inventory!C6*Inventory!C14/100 -> 26.432 | D17: =Inventory!D6*Inventory!D14/100 -> 1.157 | E17: =Inventory!E6*Inventory!E14/100 -> 153.65 | F17: formula from feed and recipe
A18: P in fish + oysters | B18: kg | C18: 5.9 | D18: 1 | E18: 25 | F18: Table 5
A19: P in macroalgae | B19: kg | C19: 2.6 | D19: 0.1 | E19: 0 | F19: Table 5
A20: P released to water (net) | B20: kg | C20: =C17-C18-C19 -> 17.932 | D20: =D17-D18-D19 -> 0.057 | E20: =E17-E18-E19 -> 128.65 | F20: negative = net uptake from the environment
A21: P rejection reported | B21: kg | C21: 18 | D21: 0 | E21: 128.7 | F21: Table 5, for comparison
A22: P use efficiency | B22: % | C22: =(C18+C19)/C17 -> 0.3215799 | D22: =(D18+D19)/D17 -> 0.95073466 | E22: =(E18+E19)/E17 -> 0.16270745 | F22: N or P in all products / N or P in feed
A23: P released per t product | B23: kg | C23: =C20*Inventory!C25 -> 14.590724 | D23: =D20*Inventory!D25 -> 0.35849057 | E23: =E20*Inventory!E25 -> 20.963011 | F23: kg per tonne fish + oyster

Sheet LCI per tonne
A1: Foreground LCI per functional unit (1 t fish + oyster flesh) - inputs and outputs, all formulas
A2: Source: INTEGRATE deliverable PI05#3 (IPMA & CTAQUA, 2020)
A3: Table 1 INPUTS = what the farm takes in. Table 2 OUTPUTS = what leaves the farm. Amounts per tonne of fish + oyster flesh; all values are formulas on the Inventory and Nutrient balance tabs.
A5: 1 INPUTS - what the farm takes in
A6: Flow (fp_name) | B6: Kind | C6: Semi-intensive pond IMTA | D6: Semi-extensive pond IMTA | E6: Semi-intensive fish polyculture | F6: Unit | G6: Comment
A7: From the technosphere (products of other processes)
A8: compound fish feed | B8: technosphere | C8: =Inventory!C6*Inventory!C25 -> 1536.2083 | D8: =Inventory!D6*Inventory!D25 -> 559.74843 | E8: =Inventory!E6*Inventory!E25 -> 1788.3331 | F8: kg | G8: 40-42 % protein
A9: fish fry / fingerlings | B9: technosphere | C9: =Inventory!C8*Inventory!C25 -> 550.85435 | D9: =Inventory!D8*Inventory!D25 -> 283.01887 | E9: =Inventory!E8*Inventory!E25 -> 14.828092 | F9: kg | G9: carp-fry proxy in Piscentool
A10: oyster spat (flesh) | B10: technosphere | C10: =Inventory!C9*Inventory!C25 -> 4.4751831 | D10: =Inventory!D9*Inventory!D25 -> 90.566038 | E10: =Inventory!E9*Inventory!E25 -> 0 | F10: kg
A11: From nature (resources)
A12: seawater, pumped or tidal | B12: resource | C12: =Inventory!C7*Inventory!C25 -> 82270.138 | D12: =Inventory!D7*Inventory!D25 -> 45188.679 | E12: =Inventory!E7*Inventory!E25 -> 195822.71 | F12: m3 | G12: equals Water consumption in Annex 1
A13: land, farm area allocated to the pond | B13: resource | C13: =Inventory!C28*Inventory!C25 -> 959.3372 | D13: =Inventory!D28*Inventory!D25 -> 4221.5998 | E13: =Inventory!E28*Inventory!E25 -> 2288.8399 | F13: m2a | G13: compare Direct activity, Land competition
A14: Included in the impact results, but the report gives no quantities
A15: electricity / fuel for pumping and aeration | B15: technosphere | C15: n/a | D15: n/a | E15: n/a | G15: only its impacts are reported: process 'Energy consumption' in LCIA (Annex 1)
A16: equipment (pumps, aerators, nets) | B16: technosphere | C16: n/a | D16: n/a | E16: n/a | G16: only its impacts are reported: process 'Equipment' in LCIA (Annex 1)
A17: buildings | B17: technosphere | C17: n/a | D17: n/a | E17: n/a | G17: only its impacts are reported: process 'Building impact' in LCIA (Annex 1)
A18: vehicles | B18: technosphere | C18: n/a | D18: n/a | E18: n/a | G18: only its impacts are reported: process 'Vehicle' in LCIA (Annex 1)
A19: chemical products | B19: technosphere | C19: n/a | D19: n/a | E19: n/a | G19: only its impacts are reported: process 'Chemical products' in LCIA (Annex 1)
A20: transport of inputs | B20: technosphere | C20: n/a | D20: n/a | E20: n/a | G20: only its impacts are reported: process 'Transports' in LCIA (Annex 1)
A23: 2 OUTPUTS - what leaves the farm
A24: Flow (fp_name) | B24: Kind | C24: Semi-intensive pond IMTA | D24: Semi-extensive pond IMTA | E24: Semi-intensive fish polyculture | F24: Unit | G24: Comment
A25: Products (the functional unit)
A26: aquatic product, fish + oyster flesh, at farm gate | B26: reference product | C26: =1 -> 1 | D26: =1 -> 1 | E26: =1 -> 1 | F26: t | G26: functional unit
A27: fish, live weight gain | B27: product | C27: =Inventory!C18*Inventory!C25 -> 894.22295 | D27: =Inventory!D18*Inventory!D25 -> 408.80503 | E27: =Inventory!E18*Inventory!E25 -> 1000 | F27: kg | G27: part of the 1 t
A28: oyster flesh, weight gain | B28: product | C28: =Inventory!C19*Inventory!C25 -> 105.77705 | D28: =Inventory!D19*Inventory!D25 -> 591.19497 | E28: =Inventory!E19*Inventory!E25 -> 0 | F28: kg | G28: part of the 1 t
A29: Co-product (outside the functional unit)
A30: macroalgae, biomass gain | B30: co-product | C30: =Inventory!C20*Inventory!C25 -> 995.93165 | D30: =Inventory!D20*Inventory!D25 -> 222641.51 | E30: =Inventory!E20*Inventory!E25 -> 0 | F30: kg | G30: harvested; not allocated any burden
A31: Emissions to nature
A32: nitrogen, to water (net) | B32: emission | C32: ='Nutrient balance'!C14 -> 54.738487 | D32: ='Nutrient balance'!D14 -> -3.7987421 | E32: ='Nutrient balance'!E14 -> 95.929607 | F32: kg N | G32: negative = net uptake from the water
A33: phosphorus, to water (net) | B33: emission | C33: ='Nutrient balance'!C23 -> 14.590724 | D33: ='Nutrient balance'!D23 -> 0.35849057 | E33: ='Nutrient balance'!E23 -> 20.963011 | F33: kg P | G33: negative = net uptake from the water

Sheet LCIA (Annex 1)
A1: Life cycle impact assessment per tonne of fish + oyster - Annex 1 of the report (Piscentool)
A2: Source: INTEGRATE deliverable PI05#3 (IPMA & CTAQUA, 2020)
A3: Amounts are as printed (rounded to whole units); shares are calculated from the reported total.
A4: Process | B4: Unit | C4: Semi-intensive pond IMTA | D4: Semi-extensive pond IMTA | E4: Semi-intensive fish polyculture | G4: Share SI-IMTA | H4: Share SE-IMTA | I4: Share POLY
A5: GW - Global warming (GWP100) (kg CO2-eq)
A6: Building impact | B6: kg CO2-eq | C6: 137 | D6: 12 | E6: 13 | G6: =IF(C$18=0,0,C6/C$18) -> 0.048911103 | H6: =IF(D$18=0,0,D6/D$18) -> 0.009561753 | I6: =IF(E$18=0,0,E6/E$18) -> 0.004583921
A7: Energy consumption | B7: kg CO2-eq | C7: 330 | D7: 6 | E7: 474 | G7: =IF(C$18=0,0,C7/C$18) -> 0.11781507 | H7: =IF(D$18=0,0,D7/D$18) -> 0.0047808765 | I7: =IF(E$18=0,0,E7/E$18) -> 0.16713681
A8: Water consumption | B8: kg CO2-eq | C8: 0 | D8: 0 | E8: 0 | G8: =IF(C$18=0,0,C8/C$18) -> 0 | H8: =IF(D$18=0,0,D8/D$18) -> 0 | I8: =IF(E$18=0,0,E8/E$18) -> 0
A9: Vehicle | B9: kg CO2-eq | C9: 32 | D9: 8 | E9: 80 | G9: =IF(C$18=0,0,C9/C$18) -> 0.011424491 | H9: =IF(D$18=0,0,D9/D$18) -> 0.006374502 | I9: =IF(E$18=0,0,E9/E$18) -> 0.028208745
A10: Rejects fish | B10: kg CO2-eq | C10: 0 | D10: 0 | E10: 0 | G10: =IF(C$18=0,0,C10/C$18) -> 0 | H10: =IF(D$18=0,0,D10/D$18) -> 0 | I10: =IF(E$18=0,0,E10/E$18) -> 0
A11: Chemical products | B11: kg CO2-eq | C11: 0 | D11: 30 | E11: 0 | G11: =IF(C$18=0,0,C11/C$18) -> 0 | H11: =IF(D$18=0,0,D11/D$18) -> 0.023904382 | I11: =IF(E$18=0,0,E11/E$18) -> 0
A12: Equipment | B12: kg CO2-eq | C12: 386 | D12: 228 | E12: 15 | G12: =IF(C$18=0,0,C12/C$18) -> 0.13780793 | H12: =IF(D$18=0,0,D12/D$18) -> 0.18167331 | I12: =IF(E$18=0,0,E12/E$18) -> 0.0052891396
A13: Fry | B13: kg CO2-eq | C13: 43 | D13: 29 | E13: 1 | G13: =IF(C$18=0,0,C13/C$18) -> 0.01535166 | H13: =IF(D$18=0,0,D13/D$18) -> 0.02310757 | I13: =IF(E$18=0,0,E13/E$18) -> 0.00035260931
A14: Feeds | B14: kg CO2-eq | C14: 1549 | D14: 733 | E14: 1873 | G14: =IF(C$18=0,0,C14/C$18) -> 0.55301678 | H14: =IF(D$18=0,0,D14/D$18) -> 0.58406375 | I14: =IF(E$18=0,0,E14/E$18) -> 0.66043724
A15: Transports | B15: kg CO2-eq | C15: 325 | D15: 208 | E15: 379 | G15: =IF(C$18=0,0,C15/C$18) -> 0.11602999 | H15: =IF(D$18=0,0,D15/D$18) -> 0.16573705 | I15: =IF(E$18=0,0,E15/E$18) -> 0.13363893
A16: Direct activity | B16: kg CO2-eq | C16: 0 | D16: 0 | E16: 0 | G16: =IF(C$18=0,0,C16/C$18) -> 0 | H16: =IF(D$18=0,0,D16/D$18) -> 0 | I16: =IF(E$18=0,0,E16/E$18) -> 0
A17: Sum of processes | C17: =SUM(C6:C16) -> 2802 | D17: =SUM(D6:D16) -> 1254 | E17: =SUM(E6:E16) -> 2835
A18: Total (reported) | B18: kg CO2-eq | C18: 2801 | D18: 1255 | E18: 2836
A20: TCED - Total cumulative energy demand (MJ-eq)
A21: Building impact | B21: MJ-eq | C21: 2701 | D21: 240 | E21: 263 | G21: =IF(C$33=0,0,C21/C$33) -> 0.029968822 | H21: =IF(D$33=0,0,D21/D$33) -> 0.012567419 | I21: =IF(E$33=0,0,E21/E$33) -> 0.0026327117
A22: Energy consumption | B22: MJ-eq | C22: 45724 | D22: 82 | E22: 65724 | G22: =IF(C$33=0,0,C22/C$33) -> 0.50732855 | H22: =IF(D$33=0,0,D22/D$33) -> 0.0042938681 | I22: =IF(E$33=0,0,E22/E$33) -> 0.65791766
A23: Water consumption | B23: MJ-eq | C23: 0 | D23: 0 | E23: 0 | G23: =IF(C$33=0,0,C23/C$33) -> 0 | H23: =IF(D$33=0,0,D23/D$33) -> 0 | I23: =IF(E$33=0,0,E23/E$33) -> 0
A24: Vehicle | B24: MJ-eq | C24: 700 | D24: 150 | E24: 1749 | G24: =IF(C$33=0,0,C24/C$33) -> 0.0077668179 | H24: =IF(D$33=0,0,D24/D$33) -> 0.0078546369 | I24: =IF(E$33=0,0,E24/E$33) -> 0.017508033
A25: Rejects fish | B25: MJ-eq | C25: 0 | D25: 0 | E25: 0 | G25: =IF(C$33=0,0,C25/C$33) -> 0 | H25: =IF(D$33=0,0,D25/D$33) -> 0 | I25: =IF(E$33=0,0,E25/E$33) -> 0
A26: Chemical products | B26: MJ-eq | C26: 0 | D26: 664 | E26: 0 | G26: =IF(C$33=0,0,C26/C$33) -> 0 | H26: =IF(D$33=0,0,D26/D$33) -> 0.034769859 | I26: =IF(E$33=0,0,E26/E$33) -> 0
A27: Equipment | B27: MJ-eq | C27: 14023 | D27: 6248 | E27: 555 | G27: =IF(C$33=0,0,C27/C$33) -> 0.15559155 | H27: =IF(D$33=0,0,D27/D$33) -> 0.32717181 | I27: =IF(E$33=0,0,E27/E$33) -> 0.0055557224
A28: Fry | B28: MJ-eq | C28: 469 | D28: 316 | E28: 12 | G28: =IF(C$33=0,0,C28/C$33) -> 0.005203768 | H28: =IF(D$33=0,0,D28/D$33) -> 0.016547102 | I28: =IF(E$33=0,0,E28/E$33) -> 0.00012012373
A29: Feeds | B29: MJ-eq | C29: 21028 | D29: 7900 | E29: 25185 | G29: =IF(C$33=0,0,C29/C$33) -> 0.23331521 | H29: =IF(D$33=0,0,D29/D$33) -> 0.41367754 | I29: =IF(E$33=0,0,E29/E$33) -> 0.25210967
A30: Transports | B30: MJ-eq | C30: 5483 | D30: 3497 | E30: 6409 | G30: =IF(C$33=0,0,C30/C$33) -> 0.060836375 | H30: =IF(D$33=0,0,D30/D$33) -> 0.18311777 | I30: =IF(E$33=0,0,E30/E$33) -> 0.064156081
A31: Direct activity | B31: MJ-eq | C31: 0 | D31: 0 | E31: 0 | G31: =IF(C$33=0,0,C31/C$33) -> 0 | H31: =IF(D$33=0,0,D31/D$33) -> 0 | I31: =IF(E$33=0,0,E31/E$33) -> 0
A32: Sum of processes | C32: =SUM(C21:C31) -> 90128 | D32: =SUM(D21:D31) -> 19097 | E32: =SUM(E21:E31) -> 99897
A33: Total (reported) | B33: MJ-eq | C33: 90127 | D33: 19097 | E33: 99897
A35: NPPU - Net primary production use (kg C)
A36: Building impact | B36: kg C | C36: 0 | D36: 0 | E36: 0 | G36: =IF(C$48=0,0,C36/C$48) -> 0 | H36: =IF(D$48=0,0,D36/D$48) -> 0 | I36: =IF(E$48=0,0,E36/E$48) -> 0
A37: Energy consumption | B37: kg C | C37: 0 | D37: 0 | E37: 0 | G37: =IF(C$48=0,0,C37/C$48) -> 0 | H37: =IF(D$48=0,0,D37/D$48) -> 0 | I37: =IF(E$48=0,0,E37/E$48) -> 0
A38: Water consumption | B38: kg C | C38: 0 | D38: 0 | E38: 0 | G38: =IF(C$48=0,0,C38/C$48) -> 0 | H38: =IF(D$48=0,0,D38/D$48) -> 0 | I38: =IF(E$48=0,0,E38/E$48) -> 0
A39: Vehicle | B39: kg C | C39: 0 | D39: 0 | E39: 0 | G39: =IF(C$48=0,0,C39/C$48) -> 0 | H39: =IF(D$48=0,0,D39/D$48) -> 0 | I39: =IF(E$48=0,0,E39/E$48) -> 0
A40: Rejects fish | B40: kg C | C40: 0 | D40: 0 | E40: 0 | G40: =IF(C$48=0,0,C40/C$48) -> 0 | H40: =IF(D$48=0,0,D40/D$48) -> 0 | I40: =IF(E$48=0,0,E40/E$48) -> 0
A41: Chemical products | B41: kg C | C41: 0 | D41: 0 | E41: 0 | G41: =IF(C$48=0,0,C41/C$48) -> 0 | H41: =IF(D$48=0,0,D41/D$48) -> 0 | I41: =IF(E$48=0,0,E41/E$48) -> 0
A42: Equipment | B42: kg C | C42: 0 | D42: 0 | E42: 0 | G42: =IF(C$48=0,0,C42/C$48) -> 0 | H42: =IF(D$48=0,0,D42/D$48) -> 0 | I42: =IF(E$48=0,0,E42/E$48) -> 0
A43: Fry | B43: kg C | C43: 55 | D43: 37 | E43: 1 | G43: =IF(C$48=0,0,C43/C$48) -> 0.0052490933 | H43: =IF(D$48=0,0,D43/D$48) -> 0.0084052703 | I43: =IF(E$48=0,0,E43/E$48) -> 8.0919243e-05
A44: Feeds | B44: kg C | C44: 10423 | D44: 4365 | E44: 12357 | G44: =IF(C$48=0,0,C44/C$48) -> 0.99475091 | H44: =IF(D$48=0,0,D44/D$48) -> 0.99159473 | I44: =IF(E$48=0,0,E44/E$48) -> 0.99991908
A45: Transports | B45: kg C | C45: 0 | D45: 0 | E45: 0 | G45: =IF(C$48=0,0,C45/C$48) -> 0 | H45: =IF(D$48=0,0,D45/D$48) -> 0 | I45: =IF(E$48=0,0,E45/E$48) -> 0
A46: Direct activity | B46: kg C | C46: 0 | D46: 0 | E46: 0 | G46: =IF(C$48=0,0,C46/C$48) -> 0 | H46: =IF(D$48=0,0,D46/D$48) -> 0 | I46: =IF(E$48=0,0,E46/E$48) -> 0
A47: Sum of processes | C47: =SUM(C36:C46) -> 10478 | D47: =SUM(D36:D46) -> 4402 | E47: =SUM(E36:E46) -> 12358
A48: Total (reported) | B48: kg C | C48: 10478 | D48: 4402 | E48: 12358
A50: AP - Acidification (kg SO2-eq)
A51: Building impact | B51: kg SO2-eq | C51: 1 | D51: 0 | E51: 0 | G51: =IF(C$63=0,0,C51/C$63) -> 0.023809524 | H51: =IF(D$63=0,0,D51/D$63) -> 0 | I51: =IF(E$63=0,0,E51/E$63) -> 0
A52: Energy consumption | B52: kg SO2-eq | C52: 2 | D52: 0 | E52: 3 | G52: =IF(C$63=0,0,C52/C$63) -> 0.047619048 | H52: =IF(D$63=0,0,D52/D$63) -> 0 | I52: =IF(E$63=0,0,E52/E$63) -> 0.066666667
A53: Water consumption | B53: kg SO2-eq | C53: 0 | D53: 0 | E53: 0 | G53: =IF(C$63=0,0,C53/C$63) -> 0 | H53: =IF(D$63=0,0,D53/D$63) -> 0 | I53: =IF(E$63=0,0,E53/E$63) -> 0
A54: Vehicle | B54: kg SO2-eq | C54: 1 | D54: 0 | E54: 0 | G54: =IF(C$63=0,0,C54/C$63) -> 0.023809524 | H54: =IF(D$63=0,0,D54/D$63) -> 0 | I54: =IF(E$63=0,0,E54/E$63) -> 0
A55: Rejects fish | B55: kg SO2-eq | C55: 25 | D55: 0 | E55: 29 | G55: =IF(C$63=0,0,C55/C$63) -> 0.5952381 | H55: =IF(D$63=0,0,D55/D$63) -> 0 | I55: =IF(E$63=0,0,E55/E$63) -> 0.64444444
A56: Chemical products | B56: kg SO2-eq | C56: 0 | D56: 0 | E56: 0 | G56: =IF(C$63=0,0,C56/C$63) -> 0 | H56: =IF(D$63=0,0,D56/D$63) -> 0 | I56: =IF(E$63=0,0,E56/E$63) -> 0
A57: Equipment | B57: kg SO2-eq | C57: 3 | D57: 1 | E57: 0 | G57: =IF(C$63=0,0,C57/C$63) -> 0.071428571 | H57: =IF(D$63=0,0,D57/D$63) -> 0.16666667 | I57: =IF(E$63=0,0,E57/E$63) -> 0
A58: Fry | B58: kg SO2-eq | C58: 0 | D58: 0 | E58: 0 | G58: =IF(C$63=0,0,C58/C$63) -> 0 | H58: =IF(D$63=0,0,D58/D$63) -> 0 | I58: =IF(E$63=0,0,E58/E$63) -> 0
A59: Feeds | B59: kg SO2-eq | C59: 8 | D59: 3 | E59: 10 | G59: =IF(C$63=0,0,C59/C$63) -> 0.19047619 | H59: =IF(D$63=0,0,D59/D$63) -> 0.5 | I59: =IF(E$63=0,0,E59/E$63) -> 0.22222222
A60: Transports | B60: kg SO2-eq | C60: 2 | D60: 1 | E60: 2 | G60: =IF(C$63=0,0,C60/C$63) -> 0.047619048 | H60: =IF(D$63=0,0,D60/D$63) -> 0.16666667 | I60: =IF(E$63=0,0,E60/E$63) -> 0.044444444
A61: Direct activity | B61: kg SO2-eq | C61: 0 | D61: 0 | E61: 0 | G61: =IF(C$63=0,0,C61/C$63) -> 0 | H61: =IF(D$63=0,0,D61/D$63) -> 0 | I61: =IF(E$63=0,0,E61/E$63) -> 0
A62: Sum of processes | C62: =SUM(C51:C61) -> 42 | D62: =SUM(D51:D61) -> 5 | E62: =SUM(E51:E61) -> 44
A63: Total (reported) | B63: kg SO2-eq | C63: 42 | D63: 6 | E63: 45
A65: EP - Eutrophication (kg PO4-eq)
A66: Building impact | B66: kg PO4-eq | C66: 0 | D66: 0 | E66: 0 | G66: =IF(C$78=0,0,C66/C$78) -> 0 | H66: =IF(D$78=0,0,D66/D$78) -> 0 | I66: =IF(E$78=0,0,E66/E$78) -> 0
A67: Energy consumption | B67: kg PO4-eq | C67: 1 | D67: 0 | E67: 1 | G67: =IF(C$78=0,0,C67/C$78) -> 0.038461538 | H67: =IF(D$78=0,0,D67/D$78) -> 0 | I67: =IF(E$78=0,0,E67/E$78) -> 0.016393443
A68: Water consumption | B68: kg PO4-eq | C68: 0 | D68: 0 | E68: 0 | G68: =IF(C$78=0,0,C68/C$78) -> 0 | H68: =IF(D$78=0,0,D68/D$78) -> 0 | I68: =IF(E$78=0,0,E68/E$78) -> 0
A69: Vehicle | B69: kg PO4-eq | C69: 0 | D69: 0 | E69: 0 | G69: =IF(C$78=0,0,C69/C$78) -> 0 | H69: =IF(D$78=0,0,D69/D$78) -> 0 | I69: =IF(E$78=0,0,E69/E$78) -> 0
A70: Rejects fish | B70: kg PO4-eq | C70: 16 | D70: -1 | E70: 51 | G70: =IF(C$78=0,0,C70/C$78) -> 0.61538462 | H70: =IF(D$78=0,0,D70/D$78) -> -0.5 | I70: =IF(E$78=0,0,E70/E$78) -> 0.83606557
A71: Chemical products | B71: kg PO4-eq | C71: 0 | D71: 0 | E71: 0 | G71: =IF(C$78=0,0,C71/C$78) -> 0 | H71: =IF(D$78=0,0,D71/D$78) -> 0 | I71: =IF(E$78=0,0,E71/E$78) -> 0
A72: Equipment | B72: kg PO4-eq | C72: 1 | D72: 0 | E72: 0 | G72: =IF(C$78=0,0,C72/C$78) -> 0.038461538 | H72: =IF(D$78=0,0,D72/D$78) -> 0 | I72: =IF(E$78=0,0,E72/E$78) -> 0
A73: Fry | B73: kg PO4-eq | C73: 0 | D73: 0 | E73: 0 | G73: =IF(C$78=0,0,C73/C$78) -> 0 | H73: =IF(D$78=0,0,D73/D$78) -> 0 | I73: =IF(E$78=0,0,E73/E$78) -> 0
A74: Feeds | B74: kg PO4-eq | C74: 8 | D74: 3 | E74: 8 | G74: =IF(C$78=0,0,C74/C$78) -> 0.30769231 | H74: =IF(D$78=0,0,D74/D$78) -> 1.5 | I74: =IF(E$78=0,0,E74/E$78) -> 0.13114754
A75: Transports | B75: kg PO4-eq | C75: 0 | D75: 0 | E75: 0 | G75: =IF(C$78=0,0,C75/C$78) -> 0 | H75: =IF(D$78=0,0,D75/D$78) -> 0 | I75: =IF(E$78=0,0,E75/E$78) -> 0
A76: Direct activity | B76: kg PO4-eq | C76: 0 | D76: 0 | E76: 0 | G76: =IF(C$78=0,0,C76/C$78) -> 0 | H76: =IF(D$78=0,0,D76/D$78) -> 0 | I76: =IF(E$78=0,0,E76/E$78) -> 0
A77: Sum of processes | C77: =SUM(C66:C76) -> 26 | D77: =SUM(D66:D76) -> 2 | E77: =SUM(E66:E76) -> 60
A78: Total (reported) | B78: kg PO4-eq | C78: 26 | D78: 2 | E78: 61
A80: LC - Land competition (m2a)
A81: Building impact | B81: m2a | C81: 4 | D81: 0 | E81: 0 | G81: =IF(C$93=0,0,C81/C$93) -> 0.0013577733 | H81: =IF(D$93=0,0,D81/D$93) -> 0 | I81: =IF(E$93=0,0,E81/E$93) -> 0
A82: Energy consumption | B82: m2a | C82: 8 | D82: 0 | E82: 12 | G82: =IF(C$93=0,0,C82/C$93) -> 0.0027155465 | H82: =IF(D$93=0,0,D82/D$93) -> 0 | I82: =IF(E$93=0,0,E82/E$93) -> 0.0050441362
A83: Water consumption | B83: m2a | C83: 0 | D83: 0 | E83: 0 | G83: =IF(C$93=0,0,C83/C$93) -> 0 | H83: =IF(D$93=0,0,D83/D$93) -> 0 | I83: =IF(E$93=0,0,E83/E$93) -> 0
A84: Vehicle | B84: m2a | C84: 1 | D84: 0 | E84: 2 | G84: =IF(C$93=0,0,C84/C$93) -> 0.00033944331 | H84: =IF(D$93=0,0,D84/D$93) -> 0 | I84: =IF(E$93=0,0,E84/E$93) -> 0.00084068937
A85: Rejects fish | B85: m2a | C85: 0 | D85: 0 | E85: 0 | G85: =IF(C$93=0,0,C85/C$93) -> 0 | H85: =IF(D$93=0,0,D85/D$93) -> 0 | I85: =IF(E$93=0,0,E85/E$93) -> 0
A86: Chemical products | B86: m2a | C86: 0 | D86: 0 | E86: 0 | G86: =IF(C$93=0,0,C86/C$93) -> 0 | H86: =IF(D$93=0,0,D86/D$93) -> 0 | I86: =IF(E$93=0,0,E86/E$93) -> 0
A87: Equipment | B87: m2a | C87: 6 | D87: 0 | E87: 0 | G87: =IF(C$93=0,0,C87/C$93) -> 0.0020366599 | H87: =IF(D$93=0,0,D87/D$93) -> 0 | I87: =IF(E$93=0,0,E87/E$93) -> 0
A88: Fry | B88: m2a | C88: 40 | D88: 27 | E88: 1 | G88: =IF(C$93=0,0,C88/C$93) -> 0.013577733 | H88: =IF(D$93=0,0,D88/D$93) -> 0.0055271238 | I88: =IF(E$93=0,0,E88/E$93) -> 0.00042034468
A89: Feeds | B89: m2a | C89: 1942 | D89: 660 | E89: 1897 | G89: =IF(C$93=0,0,C89/C$93) -> 0.65919891 | H89: =IF(D$93=0,0,D89/D$93) -> 0.13510747 | I89: =IF(E$93=0,0,E89/E$93) -> 0.79739386
A90: Transports | B90: m2a | C90: 4 | D90: 3 | E90: 5 | G90: =IF(C$93=0,0,C90/C$93) -> 0.0013577733 | H90: =IF(D$93=0,0,D90/D$93) -> 0.00061412487 | I90: =IF(E$93=0,0,E90/E$93) -> 0.0021017234
A91: Direct activity | B91: m2a | C91: 941 | D91: 4194 | E91: 460 | G91: =IF(C$93=0,0,C91/C$93) -> 0.31941616 | H91: =IF(D$93=0,0,D91/D$93) -> 0.85854657 | I91: =IF(E$93=0,0,E91/E$93) -> 0.19335855
A92: Sum of processes | C92: =SUM(C81:C91) -> 2946 | D92: =SUM(D81:D91) -> 4884 | E92: =SUM(E81:E91) -> 2377
A93: Total (reported) | B93: m2a | C93: 2946 | D93: 4885 | E93: 2379
A95: WD - Water dependence (m3)
A96: Building impact | B96: m3 | C96: 1 | D96: 0 | E96: 0 | G96: =IF(C$108=0,0,C96/C$108) -> 6.1035156e-06 | H96: =IF(D$108=0,0,D96/D$108) -> 0 | I96: =IF(E$108=0,0,E96/E$108) -> 0
A97: Energy consumption | B97: m3 | C97: 38 | D97: 0 | E97: 54 | G97: =IF(C$108=0,0,C97/C$108) -> 0.00023193359 | H97: =IF(D$108=0,0,D97/D$108) -> 0 | I97: =IF(E$108=0,0,E97/E$108) -> 0.00013740388
A98: Water consumption | B98: m3 | C98: 82261 | D98: 45273 | E98: 195829 | G98: =IF(C$108=0,0,C98/C$108) -> 0.5020813 | H98: =IF(D$108=0,0,D98/D$108) -> 0.3913269 | I98: =IF(E$108=0,0,E98/E$108) -> 0.49829009
A99: Vehicle | B99: m3 | C99: 1 | D99: 0 | E99: 1 | G99: =IF(C$108=0,0,C99/C$108) -> 6.1035156e-06 | H99: =IF(D$108=0,0,D99/D$108) -> 0 | I99: =IF(E$108=0,0,E99/E$108) -> 2.5445163e-06
A100: Rejects fish | B100: m3 | C100: 0 | D100: 0 | E100: 0 | G100: =IF(C$108=0,0,C100/C$108) -> 0 | H100: =IF(D$108=0,0,D100/D$108) -> 0 | I100: =IF(E$108=0,0,E100/E$108) -> 0
A101: Chemical products | B101: m3 | C101: 0 | D101: 1 | E101: 0 | G101: =IF(C$108=0,0,C101/C$108) -> 0 | H101: =IF(D$108=0,0,D101/D$108) -> 8.6437147e-06 | I101: =IF(E$108=0,0,E101/E$108) -> 0
A102: Equipment | B102: m3 | C102: 6 | D102: 5 | E102: 0 | G102: =IF(C$108=0,0,C102/C$108) -> 3.6621094e-05 | H102: =IF(D$108=0,0,D102/D$108) -> 4.3218574e-05 | I102: =IF(E$108=0,0,E102/E$108) -> 0
A103: Fry | B103: m3 | C103: 148 | D103: 100 | E103: 4 | G103: =IF(C$108=0,0,C103/C$108) -> 0.00090332031 | H103: =IF(D$108=0,0,D103/D$108) -> 0.00086437147 | I103: =IF(E$108=0,0,E103/E$108) -> 1.0178065e-05
A104: Feeds | B104: m3 | C104: 47 | D104: 14 | E104: 44 | G104: =IF(C$108=0,0,C104/C$108) -> 0.00028686523 | H104: =IF(D$108=0,0,D104/D$108) -> 0.00012101201 | I104: =IF(E$108=0,0,E104/E$108) -> 0.00011195872
A105: Transports | B105: m3 | C105: 3 | D105: 2 | E105: 3 | G105: =IF(C$108=0,0,C105/C$108) -> 1.8310547e-05 | H105: =IF(D$108=0,0,D105/D$108) -> 1.7287429e-05 | I105: =IF(E$108=0,0,E105/E$108) -> 7.6335489e-06
A106: Direct activity | B106: m3 | C106: 81336 | D106: 70297 | E106: 197067 | G106: =IF(C$108=0,0,C106/C$108) -> 0.49643555 | H106: =IF(D$108=0,0,D106/D$108) -> 0.60762721 | I106: =IF(E$108=0,0,E106/E$108) -> 0.5014402
...

Sheet Contribution analysis
A1: Contribution analysis - which process drives which impact, per tonne of fish + oyster
A2: Source: INTEGRATE deliverable PI05#3 (IPMA & CTAQUA, 2020)
A3: All values are formulas on the LCIA (Annex 1) tab. Share = process / sum of the absolute process amounts, so a negative share is a removal (net nutrient uptake).
A5: 1 Share of each impact per process group (heatmap) and contribution chart per system
A7: Semi-intensive pond IMTA
A8: Process group | B8: GW | C8: TCED | D8: NPPU | E8: AP | F8: EP | G8: LC | H8: WD
A9: Feeds | B9: =IF(SUMPRODUCT(ABS('LCIA (Annex 1)'!C6:C16))=0,0,('LCIA (Annex 1)'!C14)/SUMPRODUCT(ABS('LCIA (Annex 1)'!C6:C16))) -> 0.55281941 | C9: =IF(SUMPRODUCT(ABS('LCIA (Annex 1)'!C21:C31))=0,0,('LCIA (Annex 1)'!C29)/SUMPRODUCT(ABS('LCIA (Annex 1)'!C21:C31))) -> 0.23331262 | D9: =IF(SUMPRODUCT(ABS('LCIA (Annex 1)'!C36:C46))=0,0,('LCIA (Annex 1)'!C44)/SUMPRODUCT(ABS('LCIA (Annex 1)'!C36:C46))) -> 0.99475091 | E9: =IF(SUMPRODUCT(ABS('LCIA (Annex 1)'!C51:C61))=0,0,('LCIA (Annex 1)'!C59)/SUMPRODUCT(ABS('LCIA (Annex 1)'!C51:C61))) -> 0.19047619 | F9: =IF(SUMPRODUCT(ABS('LCIA (Annex 1)'!C66:C76))=0,0,('LCIA (Annex 1)'!C74)/SUMPRODUCT(ABS('LCIA (Annex 1)'!C66:C76))) -> 0.30769231 | G9: =IF(SUMPRODUCT(ABS('LCIA (Annex 1)'!C81:C91))=0,0,('LCIA (Annex 1)'!C89)/SUMPRODUCT(ABS('LCIA (Annex 1)'!C81:C91))) -> 0.65919891 | H9: =IF(SUMPRODUCT(ABS('LCIA (Annex 1)'!C96:C106))=0,0,('LCIA (Annex 1)'!C104)/SUMPRODUCT(ABS('LCIA (Annex 1)'!C96:C106))) -> 0.00028686348
A10: Rejects fish (uneaten feed, excretion) | B10: =IF(SUMPRODUCT(ABS('LCIA (Annex 1)'!C6:C16))=0,0,('LCIA (Annex 1)'!C10)/SUMPRODUCT(ABS('LCIA (Annex 1)'!C6:C16))) -> 0 | C10: =IF(SUMPRODUCT(ABS('LCIA (Annex 1)'!C21:C31))=0,0,('LCIA (Annex 1)'!C25)/SUMPRODUCT(ABS('LCIA (Annex 1)'!C21:C31))) -> 0 | D10: =IF(SUMPRODUCT(ABS('LCIA (Annex 1)'!C36:C46))=0,0,('LCIA (Annex 1)'!C40)/SUMPRODUCT(ABS('LCIA (Annex 1)'!C36:C46))) -> 0 | E10: =IF(SUMPRODUCT(ABS('LCIA (Annex 1)'!C51:C61))=0,0,('LCIA (Annex 1)'!C55)/SUMPRODUCT(ABS('LCIA (Annex 1)'!C51:C61))) -> 0.5952381 | F10: =IF(SUMPRODUCT(ABS('LCIA (Annex 1)'!C66:C76))=0,0,('LCIA (Annex 1)'!C70)/SUMPRODUCT(ABS('LCIA (Annex 1)'!C66:C76))) -> 0.61538462 | G10: =IF(SUMPRODUCT(ABS('LCIA (Annex 1)'!C81:C91))=0,0,('LCIA (Annex 1)'!C85)/SUMPRODUCT(ABS('LCIA (Annex 1)'!C81:C91))) -> 0 | H10: =IF(SUMPRODUCT(ABS('LCIA (Annex 1)'!C96:C106))=0,0,('LCIA (Annex 1)'!C100)/SUMPRODUCT(ABS('LCIA (Annex 1)'!C96:C106))) -> 0
A11: Energy consumption | B11: =IF(SUMPRODUCT(ABS('LCIA (Annex 1)'!C6:C16))=0,0,('LCIA (Annex 1)'!C7)/SUMPRODUCT(ABS('LCIA (Annex 1)'!C6:C16))) -> 0.11777302 | C11: =IF(SUMPRODUCT(ABS('LCIA (Annex 1)'!C21:C31))=0,0,('LCIA (Annex 1)'!C22)/SUMPRODUCT(ABS('LCIA (Annex 1)'!C21:C31))) -> 0.50732292 | D11: =IF(SUMPRODUCT(ABS('LCIA (Annex 1)'!C36:C46))=0,0,('LCIA (Annex 1)'!C37)/SUMPRODUCT(ABS('LCIA (Annex 1)'!C36:C46))) -> 0 | E11: =IF(SUMPRODUCT(ABS('LCIA (Annex 1)'!C51:C61))=0,0,('LCIA (Annex 1)'!C52)/SUMPRODUCT(ABS('LCIA (Annex 1)'!C51:C61))) -> 0.047619048 | F11: =IF(SUMPRODUCT(ABS('LCIA (Annex 1)'!C66:C76))=0,0,('LCIA (Annex 1)'!C67)/SUMPRODUCT(ABS('LCIA (Annex 1)'!C66:C76))) -> 0.038461538 | G11: =IF(SUMPRODUCT(ABS('LCIA (Annex 1)'!C81:C91))=0,0,('LCIA (Annex 1)'!C82)/SUMPRODUCT(ABS('LCIA (Annex 1)'!C81:C91))) -> 0.0027155465 | H11: =IF(SUMPRODUCT(ABS('LCIA (Annex 1)'!C96:C106))=0,0,('LCIA (Annex 1)'!C97)/SUMPRODUCT(ABS('LCIA (Annex 1)'!C96:C106))) -> 0.00023193218
A12: Transports | B12: =IF(SUMPRODUCT(ABS('LCIA (Annex 1)'!C6:C16))=0,0,('LCIA (Annex 1)'!C15)/SUMPRODUCT(ABS('LCIA (Annex 1)'!C6:C16))) -> 0.11598858 | C12: =IF(SUMPRODUCT(ABS('LCIA (Annex 1)'!C21:C31))=0,0,('LCIA (Annex 1)'!C30)/SUMPRODUCT(ABS('LCIA (Annex 1)'!C21:C31))) -> 0.0608357 | D12: =IF(SUMPRODUCT(ABS('LCIA (Annex 1)'!C36:C46))=0,0,('LCIA (Annex 1)'!C45)/SUMPRODUCT(ABS('LCIA (Annex 1)'!C36:C46))) -> 0 | E12: =IF(SUMPRODUCT(ABS('LCIA (Annex 1)'!C51:C61))=0,0,('LCIA (Annex 1)'!C60)/SUMPRODUCT(ABS('LCIA (Annex 1)'!C51:C61))) -> 0.047619048 | F12: =IF(SUMPRODUCT(ABS('LCIA (Annex 1)'!C66:C76))=0,0,('LCIA (Annex 1)'!C75)/SUMPRODUCT(ABS('LCIA (Annex 1)'!C66:C76))) -> 0 | G12: =IF(SUMPRODUCT(ABS('LCIA (Annex 1)'!C81:C91))=0,0,('LCIA (Annex 1)'!C90)/SUMPRODUCT(ABS('LCIA (Annex 1)'!C81:C91))) -> 0.0013577733 | H12: =IF(SUMPRODUCT(ABS('LCIA (Annex 1)'!C96:C106))=0,0,('LCIA (Annex 1)'!C105)/SUMPRODUCT(ABS('LCIA (Annex 1)'!C96:C106))) -> 1.8310435e-05
A13: Equipment | B13: =IF(SUMPRODUCT(ABS('LCIA (Annex 1)'!C6:C16))=0,0,('LCIA (Annex 1)'!C12)/SUMPRODUCT(ABS('LCIA (Annex 1)'!C6:C16))) -> 0.13775874 | C13: =IF(SUMPRODUCT(ABS('LCIA (Annex 1)'!C21:C31))=0,0,('LCIA (Annex 1)'!C27)/SUMPRODUCT(ABS('LCIA (Annex 1)'!C21:C31))) -> 0.15558983 | D13: =IF(SUMPRODUCT(ABS('LCIA (Annex 1)'!C36:C46))=0,0,('LCIA (Annex 1)'!C42)/SUMPRODUCT(ABS('LCIA (Annex 1)'!C36:C46))) -> 0 | E13: =IF(SUMPRODUCT(ABS('LCIA (Annex 1)'!C51:C61))=0,0,('LCIA (Annex 1)'!C57)/SUMPRODUCT(ABS('LCIA (Annex 1)'!C51:C61))) -> 0.071428571 | F13: =IF(SUMPRODUCT(ABS('LCIA (Annex 1)'!C66:C76))=0,0,('LCIA (Annex 1)'!C72)/SUMPRODUCT(ABS('LCIA (Annex 1)'!C66:C76))) -> 0.038461538 | G13: =IF(SUMPRODUCT(ABS('LCIA (Annex 1)'!C81:C91))=0,0,('LCIA (Annex 1)'!C87)/SUMPRODUCT(ABS('LCIA (Annex 1)'!C81:C91))) -> 0.0020366599 | H13: =IF(SUMPRODUCT(ABS('LCIA (Annex 1)'!C96:C106))=0,0,('LCIA (Annex 1)'!C102)/SUMPRODUCT(ABS('LCIA (Annex 1)'!C96:C106))) -> 3.662087e-05
A14: Direct activity (farm area, water mgmt.) | B14: =IF(SUMPRODUCT(ABS('LCIA (Annex 1)'!C6:C16))=0,0,('LCIA (Annex 1)'!C16)/SUMPRODUCT(ABS('LCIA (Annex 1)'!C6:C16))) -> 0 | C14: =IF(SUMPRODUCT(ABS('LCIA (Annex 1)'!C21:C31))=0,0,('LCIA (Annex 1)'!C31)/SUMPRODUCT(ABS('LCIA (Annex 1)'!C21:C31))) -> 0 | D14: =IF(SUMPRODUCT(ABS('LCIA (Annex 1)'!C36:C46))=0,0,('LCIA (Annex 1)'!C46)/SUMPRODUCT(ABS('LCIA (Annex 1)'!C36:C46))) -> 0 | E14: =IF(SUMPRODUCT(ABS('LCIA (Annex 1)'!C51:C61))=0,0,('LCIA (Annex 1)'!C61)/SUMPRODUCT(ABS('LCIA (Annex 1)'!C51:C61))) -> 0 | F14: =IF(SUMPRODUCT(ABS('LCIA (Annex 1)'!C66:C76))=0,0,('LCIA (Annex 1)'!C76)/SUMPRODUCT(ABS('LCIA (Annex 1)'!C66:C76))) -> 0 | G14: =IF(SUMPRODUCT(ABS('LCIA (Annex 1)'!C81:C91))=0,0,('LCIA (Annex 1)'!C91)/SUMPRODUCT(ABS('LCIA (Annex 1)'!C81:C91))) -> 0.31941616 | H14: =IF(SUMPRODUCT(ABS('LCIA (Annex 1)'!C96:C106))=0,0,('LCIA (Annex 1)'!C106)/SUMPRODUCT(ABS('LCIA (Annex 1)'!C96:C106))) -> 0.49643252
A15: Water consumption | B15: =IF(SUMPRODUCT(ABS('LCIA (Annex 1)'!C6:C16))=0,0,('LCIA (Annex 1)'!C8)/SUMPRODUCT(ABS('LCIA (Annex 1)'!C6:C16))) -> 0 | C15: =IF(SUMPRODUCT(ABS('LCIA (Annex 1)'!C21:C31))=0,0,('LCIA (Annex 1)'!C23)/SUMPRODUCT(ABS('LCIA (Annex 1)'!C21:C31))) -> 0 | D15: =IF(SUMPRODUCT(ABS('LCIA (Annex 1)'!C36:C46))=0,0,('LCIA (Annex 1)'!C38)/SUMPRODUCT(ABS('LCIA (Annex 1)'!C36:C46))) -> 0 | E15: =IF(SUMPRODUCT(ABS('LCIA (Annex 1)'!C51:C61))=0,0,('LCIA (Annex 1)'!C53)/SUMPRODUCT(ABS('LCIA (Annex 1)'!C51:C61))) -> 0 | F15: =IF(SUMPRODUCT(ABS('LCIA (Annex 1)'!C66:C76))=0,0,('LCIA (Annex 1)'!C68)/SUMPRODUCT(ABS('LCIA (Annex 1)'!C66:C76))) -> 0 | G15: =IF(SUMPRODUCT(ABS('LCIA (Annex 1)'!C81:C91))=0,0,('LCIA (Annex 1)'!C83)/SUMPRODUCT(ABS('LCIA (Annex 1)'!C81:C91))) -> 0 | H15: =IF(SUMPRODUCT(ABS('LCIA (Annex 1)'!C96:C106))=0,0,('LCIA (Annex 1)'!C98)/SUMPRODUCT(ABS('LCIA (Annex 1)'!C96:C106))) -> 0.50207823
A16: Other (buildings, vehicles, chemicals, fry) | B16: =IF(SUMPRODUCT(ABS('LCIA (Annex 1)'!C6:C16))=0,0,('LCIA (Annex 1)'!C6+'LCIA (Annex 1)'!C9+'LCIA (Annex 1)'!C11+'LCIA (Annex 1)'!C13)/SUMPRODUCT(ABS('LCIA (Annex 1)'!C6:C16))) -> 0.075660243 | C16: =IF(SUMPRODUCT(ABS('LCIA (Annex 1)'!C21:C31))=0,0,('LCIA (Annex 1)'!C21+'LCIA (Annex 1)'!C24+'LCIA (Annex 1)'!C26+'LCIA (Annex 1)'!C28)/SUMPRODUCT(ABS('LCIA (Annex 1)'!C21:C31))) -> 0.042938931 | D16: =IF(SUMPRODUCT(ABS('LCIA (Annex 1)'!C36:C46))=0,0,('LCIA (Annex 1)'!C36+'LCIA (Annex 1)'!C39+'LCIA (Annex 1)'!C41+'LCIA (Annex 1)'!C43)/SUMPRODUCT(ABS('LCIA (Annex 1)'!C36:C46))) -> 0.0052490933 | E16: =IF(SUMPRODUCT(ABS('LCIA (Annex 1)'!C51:C61))=0,0,('LCIA (Annex 1)'!C51+'LCIA (Annex 1)'!C54+'LCIA (Annex 1)'!C56+'LCIA (Annex 1)'!C58)/SUMPRODUCT(ABS('LCIA (Annex 1)'!C51:C61))) -> 0.047619048 | F16: =IF(SUMPRODUCT(ABS('LCIA (Annex 1)'!C66:C76))=0,0,('LCIA (Annex 1)'!C66+'LCIA (Annex 1)'!C69+'LCIA (Annex 1)'!C71+'LCIA (Annex 1)'!C73)/SUMPRODUCT(ABS('LCIA (Annex 1)'!C66:C76))) -> 0 | G16: =IF(SUMPRODUCT(ABS('LCIA (Annex 1)'!C81:C91))=0,0,('LCIA (Annex 1)'!C81+'LCIA (Annex 1)'!C84+'LCIA (Annex 1)'!C86+'LCIA (Annex 1)'!C88)/SUMPRODUCT(ABS('LCIA (Annex 1)'!C81:C91))) -> 0.015274949 | H16: =IF(SUMPRODUCT(ABS('LCIA (Annex 1)'!C96:C106))=0,0,('LCIA (Annex 1)'!C96+'LCIA (Annex 1)'!C99+'LCIA (Annex 1)'!C101+'LCIA (Annex 1)'!C103)/SUMPRODUCT(ABS('LCIA (Annex 1)'!C96:C106))) -> 0.00091552176
A26: Semi-extensive pond IMTA
A27: Process group | B27: GW | C27: TCED | D27: NPPU | E27: AP | F27: EP | G27: LC | H27: WD
A28: Feeds | B28: =IF(SUMPRODUCT(ABS('LCIA (Annex 1)'!D6:D16))=0,0,('LCIA (Annex 1)'!D14)/SUMPRODUCT(ABS('LCIA (Annex 1)'!D6:D16))) -> 0.58452951 | C28: =IF(SUMPRODUCT(ABS('LCIA (Annex 1)'!D21:D31))=0,0,('LCIA (Annex 1)'!D29)/SUMPRODUCT(ABS('LCIA (Annex 1)'!D21:D31))) -> 0.41367754 | D28: =IF(SUMPRODUCT(ABS('LCIA (Annex 1)'!D36:D46))=0,0,('LCIA (Annex 1)'!D44)/SUMPRODUCT(ABS('LCIA (Annex 1)'!D36:D46))) -> 0.99159473 | E28: =IF(SUMPRODUCT(ABS('LCIA (Annex 1)'!D51:D61))=0,0,('LCIA (Annex 1)'!D59)/SUMPRODUCT(ABS('LCIA (Annex 1)'!D51:D61))) -> 0.6 | F28: =IF(SUMPRODUCT(ABS('LCIA (Annex 1)'!D66:D76))=0,0,('LCIA (Annex 1)'!D74)/SUMPRODUCT(ABS('LCIA (Annex 1)'!D66:D76))) -> 0.75 | G28: =IF(SUMPRODUCT(ABS('LCIA (Annex 1)'!D81:D91))=0,0,('LCIA (Annex 1)'!D89)/SUMPRODUCT(ABS('LCIA (Annex 1)'!D81:D91))) -> 0.13513514 | H28: =IF(SUMPRODUCT(ABS('LCIA (Annex 1)'!D96:D106))=0,0,('LCIA (Annex 1)'!D104)/SUMPRODUCT(ABS('LCIA (Annex 1)'!D96:D106))) -> 0.00012101096
A29: Rejects fish (uneaten feed, excretion) | B29: =IF(SUMPRODUCT(ABS('LCIA (Annex 1)'!D6:D16))=0,0,('LCIA (Annex 1)'!D10)/SUMPRODUCT(ABS('LCIA (Annex 1)'!D6:D16))) -> 0 | C29: =IF(SUMPRODUCT(ABS('LCIA (Annex 1)'!D21:D31))=0,0,('LCIA (Annex 1)'!D25)/SUMPRODUCT(ABS('LCIA (Annex 1)'!D21:D31))) -> 0 | D29: =IF(SUMPRODUCT(ABS('LCIA (Annex 1)'!D36:D46))=0,0,('LCIA (Annex 1)'!D40)/SUMPRODUCT(ABS('LCIA (Annex 1)'!D36:D46))) -> 0 | E29: =IF(SUMPRODUCT(ABS('LCIA (Annex 1)'!D51:D61))=0,0,('LCIA (Annex 1)'!D55)/SUMPRODUCT(ABS('LCIA (Annex 1)'!D51:D61))) -> 0 | F29: =IF(SUMPRODUCT(ABS('LCIA (Annex 1)'!D66:D76))=0,0,('LCIA (Annex 1)'!D70)/SUMPRODUCT(ABS('LCIA (Annex 1)'!D66:D76))) -> -0.25 | G29: =IF(SUMPRODUCT(ABS('LCIA (Annex 1)'!D81:D91))=0,0,('LCIA (Annex 1)'!D85)/SUMPRODUCT(ABS('LCIA (Annex 1)'!D81:D91))) -> 0 | H29: =IF(SUMPRODUCT(ABS('LCIA (Annex 1)'!D96:D106))=0,0,('LCIA (Annex 1)'!D100)/SUMPRODUCT(ABS('LCIA (Annex 1)'!D96:D106))) -> 0
A30: Energy consumption | B30: =IF(SUMPRODUCT(ABS('LCIA (Annex 1)'!D6:D16))=0,0,('LCIA (Annex 1)'!D7)/SUMPRODUCT(ABS('LCIA (Annex 1)'!D6:D16))) -> 0.004784689 | C30: =IF(SUMPRODUCT(ABS('LCIA (Annex 1)'!D21:D31))=0,0,('LCIA (Annex 1)'!D22)/SUMPRODUCT(ABS('LCIA (Annex 1)'!D21:D31))) -> 0.0042938681 | D30: =IF(SUMPRODUCT(ABS('LCIA (Annex 1)'!D36:D46))=0,0,('LCIA (Annex 1)'!D37)/SUMPRODUCT(ABS('LCIA (Annex 1)'!D36:D46))) -> 0 | E30: =IF(SUMPRODUCT(ABS('LCIA (Annex 1)'!D51:D61))=0,0,('LCIA (Annex 1)'!D52)/SUMPRODUCT(ABS('LCIA (Annex 1)'!D51:D61))) -> 0 | F30: =IF(SUMPRODUCT(ABS('LCIA (Annex 1)'!D66:D76))=0,0,('LCIA (Annex 1)'!D67)/SUMPRODUCT(ABS('LCIA (Annex 1)'!D66:D76))) -> 0 | G30: =IF(SUMPRODUCT(ABS('LCIA (Annex 1)'!D81:D91))=0,0,('LCIA (Annex 1)'!D82)/SUMPRODUCT(ABS('LCIA (Annex 1)'!D81:D91))) -> 0 | H30: =IF(SUMPRODUCT(ABS('LCIA (Annex 1)'!D96:D106))=0,0,('LCIA (Annex 1)'!D97)/SUMPRODUCT(ABS('LCIA (Annex 1)'!D96:D106))) -> 0
A31: Transports | B31: =IF(SUMPRODUCT(ABS('LCIA (Annex 1)'!D6:D16))=0,0,('LCIA (Annex 1)'!D15)/SUMPRODUCT(ABS('LCIA (Annex 1)'!D6:D16))) -> 0.16586922 | C31: =IF(SUMPRODUCT(ABS('LCIA (Annex 1)'!D21:D31))=0,0,('LCIA (Annex 1)'!D30)/SUMPRODUCT(ABS('LCIA (Annex 1)'!D21:D31))) -> 0.18311777 | D31: =IF(SUMPRODUCT(ABS('LCIA (Annex 1)'!D36:D46))=0,0,('LCIA (Annex 1)'!D45)/SUMPRODUCT(ABS('LCIA (Annex 1)'!D36:D46))) -> 0 | E31: =IF(SUMPRODUCT(ABS('LCIA (Annex 1)'!D51:D61))=0,0,('LCIA (Annex 1)'!D60)/SUMPRODUCT(ABS('LCIA (Annex 1)'!D51:D61))) -> 0.2 | F31: =IF(SUMPRODUCT(ABS('LCIA (Annex 1)'!D66:D76))=0,0,('LCIA (Annex 1)'!D75)/SUMPRODUCT(ABS('LCIA (Annex 1)'!D66:D76))) -> 0 | G31: =IF(SUMPRODUCT(ABS('LCIA (Annex 1)'!D81:D91))=0,0,('LCIA (Annex 1)'!D90)/SUMPRODUCT(ABS('LCIA (Annex 1)'!D81:D91))) -> 0.00061425061 | H31: =IF(SUMPRODUCT(ABS('LCIA (Annex 1)'!D96:D106))=0,0,('LCIA (Annex 1)'!D105)/SUMPRODUCT(ABS('LCIA (Annex 1)'!D96:D106))) -> 1.728728e-05
A32: Equipment | B32: =IF(SUMPRODUCT(ABS('LCIA (Annex 1)'!D6:D16))=0,0,('LCIA (Annex 1)'!D12)/SUMPRODUCT(ABS('LCIA (Annex 1)'!D6:D16))) -> 0.18181818 | C32: =IF(SUMPRODUCT(ABS('LCIA (Annex 1)'!D21:D31))=0,0,('LCIA (Annex 1)'!D27)/SUMPRODUCT(ABS('LCIA (Annex 1)'!D21:D31))) -> 0.32717181 | D32: =IF(SUMPRODUCT(ABS('LCIA (Annex 1)'!D36:D46))=0,0,('LCIA (Annex 1)'!D42)/SUMPRODUCT(ABS('LCIA (Annex 1)'!D36:D46))) -> 0 | E32: =IF(SUMPRODUCT(ABS('LCIA (Annex 1)'!D51:D61))=0,0,('LCIA (Annex 1)'!D57)/SUMPRODUCT(ABS('LCIA (Annex 1)'!D51:D61))) -> 0.2 | F32: =IF(SUMPRODUCT(ABS('LCIA (Annex 1)'!D66:D76))=0,0,('LCIA (Annex 1)'!D72)/SUMPRODUCT(ABS('LCIA (Annex 1)'!D66:D76))) -> 0 | G32: =IF(SUMPRODUCT(ABS('LCIA (Annex 1)'!D81:D91))=0,0,('LCIA (Annex 1)'!D87)/SUMPRODUCT(ABS('LCIA (Annex 1)'!D81:D91))) -> 0 | H32: =IF(SUMPRODUCT(ABS('LCIA (Annex 1)'!D96:D106))=0,0,('LCIA (Annex 1)'!D102)/SUMPRODUCT(ABS('LCIA (Annex 1)'!D96:D106))) -> 4.32182e-05
A33: Direct activity (farm area, water mgmt.) | B33: =IF(SUMPRODUCT(ABS('LCIA (Annex 1)'!D6:D16))=0,0,('LCIA (Annex 1)'!D16)/SUMPRODUCT(ABS('LCIA (Annex 1)'!D6:D16))) -> 0 | C33: =IF(SUMPRODUCT(ABS('LCIA (Annex 1)'!D21:D31))=0,0,('LCIA (Annex 1)'!D31)/SUMPRODUCT(ABS('LCIA (Annex 1)'!D21:D31))) -> 0 | D33: =IF(SUMPRODUCT(ABS('LCIA (Annex 1)'!D36:D46))=0,0,('LCIA (Annex 1)'!D46)/SUMPRODUCT(ABS('LCIA (Annex 1)'!D36:D46))) -> 0 | E33: =IF(SUMPRODUCT(ABS('LCIA (Annex 1)'!D51:D61))=0,0,('LCIA (Annex 1)'!D61)/SUMPRODUCT(ABS('LCIA (Annex 1)'!D51:D61))) -> 0 | F33: =IF(SUMPRODUCT(ABS('LCIA (Annex 1)'!D66:D76))=0,0,('LCIA (Annex 1)'!D76)/SUMPRODUCT(ABS('LCIA (Annex 1)'!D66:D76))) -> 0 | G33: =IF(SUMPRODUCT(ABS('LCIA (Annex 1)'!D81:D91))=0,0,('LCIA (Annex 1)'!D91)/SUMPRODUCT(ABS('LCIA (Annex 1)'!D81:D91))) -> 0.85872236 | H33: =IF(SUMPRODUCT(ABS('LCIA (Annex 1)'!D96:D106))=0,0,('LCIA (Annex 1)'!D106)/SUMPRODUCT(ABS('LCIA (Annex 1)'!D96:D106))) -> 0.60762196
A34: Water consumption | B34: =IF(SUMPRODUCT(ABS('LCIA (Annex 1)'!D6:D16))=0,0,('LCIA (Annex 1)'!D8)/SUMPRODUCT(ABS('LCIA (Annex 1)'!D6:D16))) -> 0 | C34: =IF(SUMPRODUCT(ABS('LCIA (Annex 1)'!D21:D31))=0,0,('LCIA (Annex 1)'!D23)/SUMPRODUCT(ABS('LCIA (Annex 1)'!D21:D31))) -> 0 | D34: =IF(SUMPRODUCT(ABS('LCIA (Annex 1)'!D36:D46))=0,0,('LCIA (Annex 1)'!D38)/SUMPRODUCT(ABS('LCIA (Annex 1)'!D36:D46))) -> 0 | E34: =IF(SUMPRODUCT(ABS('LCIA (Annex 1)'!D51:D61))=0,0,('LCIA (Annex 1)'!D53)/SUMPRODUCT(ABS('LCIA (Annex 1)'!D51:D61))) -> 0 | F34: =IF(SUMPRODUCT(ABS('LCIA (Annex 1)'!D66:D76))=0,0,('LCIA (Annex 1)'!D68)/SUMPRODUCT(ABS('LCIA (Annex 1)'!D66:D76))) -> 0 | G34: =IF(SUMPRODUCT(ABS('LCIA (Annex 1)'!D81:D91))=0,0,('LCIA (Annex 1)'!D83)/SUMPRODUCT(ABS('LCIA (Annex 1)'!D81:D91))) -> 0 | H34: =IF(SUMPRODUCT(ABS('LCIA (Annex 1)'!D96:D106))=0,0,('LCIA (Annex 1)'!D98)/SUMPRODUCT(ABS('LCIA (Annex 1)'!D96:D106))) -> 0.39132351
A35: Other (buildings, vehicles, chemicals, fry) | B35: =IF(SUMPRODUCT(ABS('LCIA (Annex 1)'!D6:D16))=0,0,('LCIA (Annex 1)'!D6+'LCIA (Annex 1)'!D9+'LCIA (Annex 1)'!D11+'LCIA (Annex 1)'!D13)/SUMPRODUCT(ABS('LCIA (Annex 1)'!D6:D16))) -> 0.062998405 | C35: =IF(SUMPRODUCT(ABS('LCIA (Annex 1)'!D21:D31))=0,0,('LCIA (Annex 1)'!D21+'LCIA (Annex 1)'!D24+'LCIA (Annex 1)'!D26+'LCIA (Annex 1)'!D28)/SUMPRODUCT(ABS('LCIA (Annex 1)'!D21:D31))) -> 0.071739017 | D35: =IF(SUMPRODUCT(ABS('LCIA (Annex 1)'!D36:D46))=0,0,('LCIA (Annex 1)'!D36+'LCIA (Annex 1)'!D39+'LCIA (Annex 1)'!D41+'LCIA (Annex 1)'!D43)/SUMPRODUCT(ABS('LCIA (Annex 1)'!D36:D46))) -> 0.0084052703 | E35: =IF(SUMPRODUCT(ABS('LCIA (Annex 1)'!D51:D61))=0,0,('LCIA (Annex 1)'!D51+'LCIA (Annex 1)'!D54+'LCIA (Annex 1)'!D56+'LCIA (Annex 1)'!D58)/SUMPRODUCT(ABS('LCIA (Annex 1)'!D51:D61))) -> 0 | F35: =IF(SUMPRODUCT(ABS('LCIA (Annex 1)'!D66:D76))=0,0,('LCIA (Annex 1)'!D66+'LCIA (Annex 1)'!D69+'LCIA (Annex 1)'!D71+'LCIA (Annex 1)'!D73)/SUMPRODUCT(ABS('LCIA (Annex 1)'!D66:D76))) -> 0 | G35: =IF(SUMPRODUCT(ABS('LCIA (Annex 1)'!D81:D91))=0,0,('LCIA (Annex 1)'!D81+'LCIA (Annex 1)'!D84+'LCIA (Annex 1)'!D86+'LCIA (Annex 1)'!D88)/SUMPRODUCT(ABS('LCIA (Annex 1)'!D81:D91))) -> 0.0055282555 | H35: =IF(SUMPRODUCT(ABS('LCIA (Annex 1)'!D96:D106))=0,0,('LCIA (Annex 1)'!D96+'LCIA (Annex 1)'!D99+'LCIA (Annex 1)'!D101+'LCIA (Annex 1)'!D103)/SUMPRODUCT(ABS('LCIA (Annex 1)'!D96:D106))) -> 0.00087300764
A45: Semi-intensive fish polyculture
A46: Process group | B46: GW | C46: TCED | D46: NPPU | E46: AP | F46: EP | G46: LC | H46: WD
A47: Feeds | B47: =IF(SUMPRODUCT(ABS('LCIA (Annex 1)'!E6:E16))=0,0,('LCIA (Annex 1)'!E14)/SUMPRODUCT(ABS('LCIA (Annex 1)'!E6:E16))) -> 0.66067019 | C47: =IF(SUMPRODUCT(ABS('LCIA (Annex 1)'!E21:E31))=0,0,('LCIA (Annex 1)'!E29)/SUMPRODUCT(ABS('LCIA (Annex 1)'!E21:E31))) -> 0.25210967 | D47: =IF(SUMPRODUCT(ABS('LCIA (Annex 1)'!E36:E46))=0,0,('LCIA (Annex 1)'!E44)/SUMPRODUCT(ABS('LCIA (Annex 1)'!E36:E46))) -> 0.99991908 | E47: =IF(SUMPRODUCT(ABS('LCIA (Annex 1)'!E51:E61))=0,0,('LCIA (Annex 1)'!E59)/SUMPRODUCT(ABS('LCIA (Annex 1)'!E51:E61))) -> 0.22727273 | F47: =IF(SUMPRODUCT(ABS('LCIA (Annex 1)'!E66:E76))=0,0,('LCIA (Annex 1)'!E74)/SUMPRODUCT(ABS('LCIA (Annex 1)'!E66:E76))) -> 0.13333333 | G47: =IF(SUMPRODUCT(ABS('LCIA (Annex 1)'!E81:E91))=0,0,('LCIA (Annex 1)'!E89)/SUMPRODUCT(ABS('LCIA (Annex 1)'!E81:E91))) -> 0.79806479 | H47: =IF(SUMPRODUCT(ABS('LCIA (Annex 1)'!E96:E106))=0,0,('LCIA (Annex 1)'!E104)/SUMPRODUCT(ABS('LCIA (Annex 1)'!E96:E106))) -> 0.00011195872
A48: Rejects fish (uneaten feed, excretion) | B48: =IF(SUMPRODUCT(ABS('LCIA (Annex 1)'!E6:E16))=0,0,('LCIA (Annex 1)'!E10)/SUMPRODUCT(ABS('LCIA (Annex 1)'!E6:E16))) -> 0 | C48: =IF(SUMPRODUCT(ABS('LCIA (Annex 1)'!E21:E31))=0,0,('LCIA (Annex 1)'!E25)/SUMPRODUCT(ABS('LCIA (Annex 1)'!E21:E31))) -> 0 | D48: =IF(SUMPRODUCT(ABS('LCIA (Annex 1)'!E36:E46))=0,0,('LCIA (Annex 1)'!E40)/SUMPRODUCT(ABS('LCIA (Annex 1)'!E36:E46))) -> 0 | E48: =IF(SUMPRODUCT(ABS('LCIA (Annex 1)'!E51:E61))=0,0,('LCIA (Annex 1)'!E55)/SUMPRODUCT(ABS('LCIA (Annex 1)'!E51:E61))) -> 0.65909091 | F48: =IF(SUMPRODUCT(ABS('LCIA (Annex 1)'!E66:E76))=0,0,('LCIA (Annex 1)'!E70)/SUMPRODUCT(ABS('LCIA (Annex 1)'!E66:E76))) -> 0.85 | G48: =IF(SUMPRODUCT(ABS('LCIA (Annex 1)'!E81:E91))=0,0,('LCIA (Annex 1)'!E85)/SUMPRODUCT(ABS('LCIA (Annex 1)'!E81:E91))) -> 0 | H48: =IF(SUMPRODUCT(ABS('LCIA (Annex 1)'!E96:E106))=0,0,('LCIA (Annex 1)'!E100)/SUMPRODUCT(ABS('LCIA (Annex 1)'!E96:E106))) -> 0
A49: Energy consumption | B49: =IF(SUMPRODUCT(ABS('LCIA (Annex 1)'!E6:E16))=0,0,('LCIA (Annex 1)'!E7)/SUMPRODUCT(ABS('LCIA (Annex 1)'!E6:E16))) -> 0.16719577 | C49: =IF(SUMPRODUCT(ABS('LCIA (Annex 1)'!E21:E31))=0,0,('LCIA (Annex 1)'!E22)/SUMPRODUCT(ABS('LCIA (Annex 1)'!E21:E31))) -> 0.65791766 | D49: =IF(SUMPRODUCT(ABS('LCIA (Annex 1)'!E36:E46))=0,0,('LCIA (Annex 1)'!E37)/SUMPRODUCT(ABS('LCIA (Annex 1)'!E36:E46))) -> 0 | E49: =IF(SUMPRODUCT(ABS('LCIA (Annex 1)'!E51:E61))=0,0,('LCIA (Annex 1)'!E52)/SUMPRODUCT(ABS('LCIA (Annex 1)'!E51:E61))) -> 0.068181818 | F49: =IF(SUMPRODUCT(ABS('LCIA (Annex 1)'!E66:E76))=0,0,('LCIA (Annex 1)'!E67)/SUMPRODUCT(ABS('LCIA (Annex 1)'!E66:E76))) -> 0.016666667 | G49: =IF(SUMPRODUCT(ABS('LCIA (Annex 1)'!E81:E91))=0,0,('LCIA (Annex 1)'!E82)/SUMPRODUCT(ABS('LCIA (Annex 1)'!E81:E91))) -> 0.0050483803 | H49: =IF(SUMPRODUCT(ABS('LCIA (Annex 1)'!E96:E106))=0,0,('LCIA (Annex 1)'!E97)/SUMPRODUCT(ABS('LCIA (Annex 1)'!E96:E106))) -> 0.00013740388
A50: Transports | B50: =IF(SUMPRODUCT(ABS('LCIA (Annex 1)'!E6:E16))=0,0,('LCIA (Annex 1)'!E15)/SUMPRODUCT(ABS('LCIA (Annex 1)'!E6:E16))) -> 0.13368607 | C50: =IF(SUMPRODUCT(ABS('LCIA (Annex 1)'!E21:E31))=0,0,('LCIA (Annex 1)'!E30)/SUMPRODUCT(ABS('LCIA (Annex 1)'!E21:E31))) -> 0.064156081 | D50: =IF(SUMPRODUCT(ABS('LCIA (Annex 1)'!E36:E46))=0,0,('LCIA (Annex 1)'!E45)/SUMPRODUCT(ABS('LCIA (Annex 1)'!E36:E46))) -> 0 | E50: =IF(SUMPRODUCT(ABS('LCIA (Annex 1)'!E51:E61))=0,0,('LCIA (Annex 1)'!E60)/SUMPRODUCT(ABS('LCIA (Annex 1)'!E51:E61))) -> 0.045454545 | F50: =IF(SUMPRODUCT(ABS('LCIA (Annex 1)'!E66:E76))=0,0,('LCIA (Annex 1)'!E75)/SUMPRODUCT(ABS('LCIA (Annex 1)'!E66:E76))) -> 0 | G50: =IF(SUMPRODUCT(ABS('LCIA (Annex 1)'!E81:E91))=0,0,('LCIA (Annex 1)'!E90)/SUMPRODUCT(ABS('LCIA (Annex 1)'!E81:E91))) -> 0.0021034918 | H50: =IF(SUMPRODUCT(ABS('LCIA (Annex 1)'!E96:E106))=0,0,('LCIA (Annex 1)'!E105)/SUMPRODUCT(ABS('LCIA (Annex 1)'!E96:E106))) -> 7.6335489e-06
A51: Equipment | B51: =IF(SUMPRODUCT(ABS('LCIA (Annex 1)'!E6:E16))=0,0,('LCIA (Annex 1)'!E12)/SUMPRODUCT(ABS('LCIA (Annex 1)'!E6:E16))) -> 0.0052910053 | C51: =IF(SUMPRODUCT(ABS('LCIA (Annex 1)'!E21:E31))=0,0,('LCIA (Annex 1)'!E27)/SUMPRODUCT(ABS('LCIA (Annex 1)'!E21:E31))) -> 0.0055557224 | D51: =IF(SUMPRODUCT(ABS('LCIA (Annex 1)'!E36:E46))=0,0,('LCIA (Annex 1)'!E42)/SUMPRODUCT(ABS('LCIA (Annex 1)'!E36:E46))) -> 0 | E51: =IF(SUMPRODUCT(ABS('LCIA (Annex 1)'!E51:E61))=0,0,('LCIA (Annex 1)'!E57)/SUMPRODUCT(ABS('LCIA (Annex 1)'!E51:E61))) -> 0 | F51: =IF(SUMPRODUCT(ABS('LCIA (Annex 1)'!E66:E76))=0,0,('LCIA (Annex 1)'!E72)/SUMPRODUCT(ABS('LCIA (Annex 1)'!E66:E76))) -> 0 | G51: =IF(SUMPRODUCT(ABS('LCIA (Annex 1)'!E81:E91))=0,0,('LCIA (Annex 1)'!E87)/SUMPRODUCT(ABS('LCIA (Annex 1)'!E81:E91))) -> 0 | H51: =IF(SUMPRODUCT(ABS('LCIA (Annex 1)'!E96:E106))=0,0,('LCIA (Annex 1)'!E102)/SUMPRODUCT(ABS('LCIA (Annex 1)'!E96:E106))) -> 0
A52: Direct activity (farm area, water mgmt.) | B52: =IF(SUMPRODUCT(ABS('LCIA (Annex 1)'!E6:E16))=0,0,('LCIA (Annex 1)'!E16)/SUMPRODUCT(ABS('LCIA (Annex 1)'!E6:E16))) -> 0 | C52: =IF(SUMPRODUCT(ABS('LCIA (Annex 1)'!E21:E31))=0,0,('LCIA (Annex 1)'!E31)/SUMPRODUCT(ABS('LCIA (Annex 1)'!E21:E31))) -> 0 | D52: =IF(SUMPRODUCT(ABS('LCIA (Annex 1)'!E36:E46))=0,0,('LCIA (Annex 1)'!E46)/SUMPRODUCT(ABS('LCIA (Annex 1)'!E36:E46))) -> 0 | E52: =IF(SUMPRODUCT(ABS('LCIA (Annex 1)'!E51:E61))=0,0,('LCIA (Annex 1)'!E61)/SUMPRODUCT(ABS('LCIA (Annex 1)'!E51:E61))) -> 0 | F52: =IF(SUMPRODUCT(ABS('LCIA (Annex 1)'!E66:E76))=0,0,('LCIA (Annex 1)'!E76)/SUMPRODUCT(ABS('LCIA (Annex 1)'!E66:E76))) -> 0 | G52: =IF(SUMPRODUCT(ABS('LCIA (Annex 1)'!E81:E91))=0,0,('LCIA (Annex 1)'!E91)/SUMPRODUCT(ABS('LCIA (Annex 1)'!E81:E91))) -> 0.19352125 | H52: =IF(SUMPRODUCT(ABS('LCIA (Annex 1)'!E96:E106))=0,0,('LCIA (Annex 1)'!E106)/SUMPRODUCT(ABS('LCIA (Annex 1)'!E96:E106))) -> 0.5014402
A53: Water consumption | B53: =IF(SUMPRODUCT(ABS('LCIA (Annex 1)'!E6:E16))=0,0,('LCIA (Annex 1)'!E8)/SUMPRODUCT(ABS('LCIA (Annex 1)'!E6:E16))) -> 0 | C53: =IF(SUMPRODUCT(ABS('LCIA (Annex 1)'!E21:E31))=0,0,('LCIA (Annex 1)'!E23)/SUMPRODUCT(ABS('LCIA (Annex 1)'!E21:E31))) -> 0 | D53: =IF(SUMPRODUCT(ABS('LCIA (Annex 1)'!E36:E46))=0,0,('LCIA (Annex 1)'!E38)/SUMPRODUCT(ABS('LCIA (Annex 1)'!E36:E46))) -> 0 | E53: =IF(SUMPRODUCT(ABS('LCIA (Annex 1)'!E51:E61))=0,0,('LCIA (Annex 1)'!E53)/SUMPRODUCT(ABS('LCIA (Annex 1)'!E51:E61))) -> 0 | F53: =IF(SUMPRODUCT(ABS('LCIA (Annex 1)'!E66:E76))=0,0,('LCIA (Annex 1)'!E68)/SUMPRODUCT(ABS('LCIA (Annex 1)'!E66:E76))) -> 0 | G53: =IF(SUMPRODUCT(ABS('LCIA (Annex 1)'!E81:E91))=0,0,('LCIA (Annex 1)'!E83)/SUMPRODUCT(ABS('LCIA (Annex 1)'!E81:E91))) -> 0 | H53: =IF(SUMPRODUCT(ABS('LCIA (Annex 1)'!E96:E106))=0,0,('LCIA (Annex 1)'!E98)/SUMPRODUCT(ABS('LCIA (Annex 1)'!E96:E106))) -> 0.49829009
A54: Other (buildings, vehicles, chemicals, fry) | B54: =IF(SUMPRODUCT(ABS('LCIA (Annex 1)'!E6:E16))=0,0,('LCIA (Annex 1)'!E6+'LCIA (Annex 1)'!E9+'LCIA (Annex 1)'!E11+'LCIA (Annex 1)'!E13)/SUMPRODUCT(ABS('LCIA (Annex 1)'!E6:E16))) -> 0.033156966 | C54: =IF(SUMPRODUCT(ABS('LCIA (Annex 1)'!E21:E31))=0,0,('LCIA (Annex 1)'!E21+'LCIA (Annex 1)'!E24+'LCIA (Annex 1)'!E26+'LCIA (Annex 1)'!E28)/SUMPRODUCT(ABS('LCIA (Annex 1)'!E21:E31))) -> 0.020260869 | D54: =IF(SUMPRODUCT(ABS('LCIA (Annex 1)'!E36:E46))=0,0,('LCIA (Annex 1)'!E36+'LCIA (Annex 1)'!E39+'LCIA (Annex 1)'!E41+'LCIA (Annex 1)'!E43)/SUMPRODUCT(ABS('LCIA (Annex 1)'!E36:E46))) -> 8.0919243e-05 | E54: =IF(SUMPRODUCT(ABS('LCIA (Annex 1)'!E51:E61))=0,0,('LCIA (Annex 1)'!E51+'LCIA (Annex 1)'!E54+'LCIA (Annex 1)'!E56+'LCIA (Annex 1)'!E58)/SUMPRODUCT(ABS('LCIA (Annex 1)'!E51:E61))) -> 0 | F54: =IF(SUMPRODUCT(ABS('LCIA (Annex 1)'!E66:E76))=0,0,('LCIA (Annex 1)'!E66+'LCIA (Annex 1)'!E69+'LCIA (Annex 1)'!E71+'LCIA (Annex 1)'!E73)/SUMPRODUCT(ABS('LCIA (Annex 1)'!E66:E76))) -> 0 | G54: =IF(SUMPRODUCT(ABS('LCIA (Annex 1)'!E81:E91))=0,0,('LCIA (Annex 1)'!E81+'LCIA (Annex 1)'!E84+'LCIA (Annex 1)'!E86+'LCIA (Annex 1)'!E88)/SUMPRODUCT(ABS('LCIA (Annex 1)'!E81:E91))) -> 0.0012620951 | H54: =IF(SUMPRODUCT(ABS('LCIA (Annex 1)'!E96:E106))=0,0,('LCIA (Annex 1)'!E96+'LCIA (Annex 1)'!E99+'LCIA (Annex 1)'!E101+'LCIA (Annex 1)'!E103)/SUMPRODUCT(ABS('LCIA (Annex 1)'!E96:E106))) -> 1.2722582e-05
A64: 2 Contribution per impact category, absolute amounts per tonne (stacked by process group)
A66: GW - Global warming (kg CO2-eq per t)
A67: Process group | C67: Semi-intensive pond IMTA | D67: Semi-extensive pond IMTA | E67: Semi-intensive fish polyculture
A68: Feeds | C68: ='LCIA (Annex 1)'!C14 -> 1549 | D68: ='LCIA (Annex 1)'!D14 -> 733 | E68: ='LCIA (Annex 1)'!E14 -> 1873
A69: Rejects fish (uneaten feed, excretion) | C69: ='LCIA (Annex 1)'!C10 -> 0 | D69: ='LCIA (Annex 1)'!D10 -> 0 | E69: ='LCIA (Annex 1)'!E10 -> 0
A70: Energy consumption | C70: ='LCIA (Annex 1)'!C7 -> 330 | D70: ='LCIA (Annex 1)'!D7 -> 6 | E70: ='LCIA (Annex 1)'!E7 -> 474
A71: Transports | C71: ='LCIA (Annex 1)'!C15 -> 325 | D71: ='LCIA (Annex 1)'!D15 -> 208 | E71: ='LCIA (Annex 1)'!E15 -> 379
A72: Equipment | C72: ='LCIA (Annex 1)'!C12 -> 386 | D72: ='LCIA (Annex 1)'!D12 -> 228 | E72: ='LCIA (Annex 1)'!E12 -> 15
A73: Direct activity (farm area, water mgmt.) | C73: ='LCIA (Annex 1)'!C16 -> 0 | D73: ='LCIA (Annex 1)'!D16 -> 0 | E73: ='LCIA (Annex 1)'!E16 -> 0
A74: Water consumption | C74: ='LCIA (Annex 1)'!C8 -> 0 | D74: ='LCIA (Annex 1)'!D8 -> 0 | E74: ='LCIA (Annex 1)'!E8 -> 0
A75: Other (buildings, vehicles, chemicals, fry) | C75: ='LCIA (Annex 1)'!C6+'LCIA (Annex 1)'!C9+'LCIA (Annex 1)'!C11+'LCIA (Annex 1)'!C13 -> 212 | D75: ='LCIA (Annex 1)'!D6+'LCIA (Annex 1)'!D9+'LCIA (Annex 1)'!D11+'LCIA (Annex 1)'!D13 -> 79 | E75: ='LCIA (Annex 1)'!E6+'LCIA (Annex 1)'!E9+'LCIA (Annex 1)'!E11+'LCIA (Annex 1)'!E13 -> 94
A76: Total (reported) | C76: ='LCIA (Annex 1)'!C18 -> 2801 | D76: ='LCIA (Annex 1)'!D18 -> 1255 | E76: ='LCIA (Annex 1)'!E18 -> 2836
A85: TCED - Cumulative energy demand (MJ-eq per t)
A86: Process group | C86: Semi-intensive pond IMTA | D86: Semi-extensive pond IMTA | E86: Semi-intensive fish polyculture
A87: Feeds | C87: ='LCIA (Annex 1)'!C29 -> 21028 | D87: ='LCIA (Annex 1)'!D29 -> 7900 | E87: ='LCIA (Annex 1)'!E29 -> 25185
A88: Rejects fish (uneaten feed, excretion) | C88: ='LCIA (Annex 1)'!C25 -> 0 | D88: ='LCIA (Annex 1)'!D25 -> 0 | E88: ='LCIA (Annex 1)'!E25 -> 0
A89: Energy consumption | C89: ='LCIA (Annex 1)'!C22 -> 45724 | D89: ='LCIA (Annex 1)'!D22 -> 82 | E89: ='LCIA (Annex 1)'!E22 -> 65724
A90: Transports | C90: ='LCIA (Annex 1)'!C30 -> 5483 | D90: ='LCIA (Annex 1)'!D30 -> 3497 | E90: ='LCIA (Annex 1)'!E30 -> 6409
A91: Equipment | C91: ='LCIA (Annex 1)'!C27 -> 14023 | D91: ='LCIA (Annex 1)'!D27 -> 6248 | E91: ='LCIA (Annex 1)'!E27 -> 555
A92: Direct activity (farm area, water mgmt.) | C92: ='LCIA (Annex 1)'!C31 -> 0 | D92: ='LCIA (Annex 1)'!D31 -> 0 | E92: ='LCIA (Annex 1)'!E31 -> 0
A93: Water consumption | C93: ='LCIA (Annex 1)'!C23 -> 0 | D93: ='LCIA (Annex 1)'!D23 -> 0 | E93: ='LCIA (Annex 1)'!E23 -> 0
A94: Other (buildings, vehicles, chemicals, fry) | C94: ='LCIA (Annex 1)'!C21+'LCIA (Annex 1)'!C24+'LCIA (Annex 1)'!C26+'LCIA (Annex 1)'!C28 -> 3870 | D94: ='LCIA (Annex 1)'!D21+'LCIA (Annex 1)'!D24+'LCIA (Annex 1)'!D26+'LCIA (Annex 1)'!D28 -> 1370 | E94: ='LCIA (Annex 1)'!E21+'LCIA (Annex 1)'!E24+'LCIA (Annex 1)'!E26+'LCIA (Annex 1)'!E28 -> 2024
A95: Total (reported) | C95: ='LCIA (Annex 1)'!C33 -> 90127 | D95: ='LCIA (Annex 1)'!D33 -> 19097 | E95: ='LCIA (Annex 1)'!E33 -> 99897
A104: NPPU - Net primary production use (kg C per t)
A105: Process group | C105: Semi-intensive pond IMTA | D105: Semi-extensive pond IMTA | E105: Semi-intensive fish polyculture
A106: Feeds | C106: ='LCIA (Annex 1)'!C44 -> 10423 | D106: ='LCIA (Annex 1)'!D44 -> 4365 | E106: ='LCIA (Annex 1)'!E44 -> 12357
A107: Rejects fish (uneaten feed, excretion) | C107: ='LCIA (Annex 1)'!C40 -> 0 | D107: ='LCIA (Annex 1)'!D40 -> 0 | E107: ='LCIA (Annex 1)'!E40 -> 0
A108: Energy consumption | C108: ='LCIA (Annex 1)'!C37 -> 0 | D108: ='LCIA (Annex 1)'!D37 -> 0 | E108: ='LCIA (Annex 1)'!E37 -> 0
A109: Transports | C109: ='LCIA (Annex 1)'!C45 -> 0 | D109: ='LCIA (Annex 1)'!D45 -> 0 | E109: ='LCIA (Annex 1)'!E45 -> 0
A110: Equipment | C110: ='LCIA (Annex 1)'!C42 -> 0 | D110: ='LCIA (Annex 1)'!D42 -> 0 | E110: ='LCIA (Annex 1)'!E42 -> 0
A111: Direct activity (farm area, water mgmt.) | C111: ='LCIA (Annex 1)'!C46 -> 0 | D111: ='LCIA (Annex 1)'!D46 -> 0 | E111: ='LCIA (Annex 1)'!E46 -> 0
A112: Water consumption | C112: ='LCIA (Annex 1)'!C38 -> 0 | D112: ='LCIA (Annex 1)'!D38 -> 0 | E112: ='LCIA (Annex 1)'!E38 -> 0
A113: Other (buildings, vehicles, chemicals, fry) | C113: ='LCIA (Annex 1)'!C36+'LCIA (Annex 1)'!C39+'LCIA (Annex 1)'!C41+'LCIA (Annex 1)'!C43 -> 55 | D113: ='LCIA (Annex 1)'!D36+'LCIA (Annex 1)'!D39+'LCIA (Annex 1)'!D41+'LCIA (Annex 1)'!D43 -> 37 | E113: ='LCIA (Annex 1)'!E36+'LCIA (Annex 1)'!E39+'LCIA (Annex 1)'!E41+'LCIA (Annex 1)'!E43 -> 1
A114: Total (reported) | C114: ='LCIA (Annex 1)'!C48 -> 10478 | D114: ='LCIA (Annex 1)'!D48 -> 4402 | E114: ='LCIA (Annex 1)'!E48 -> 12358
A123: AP - Acidification (kg SO2-eq per t)
A124: Process group | C124: Semi-intensive pond IMTA | D124: Semi-extensive pond IMTA | E124: Semi-intensive fish polyculture
A125: Feeds | C125: ='LCIA (Annex 1)'!C59 -> 8 | D125: ='LCIA (Annex 1)'!D59 -> 3 | E125: ='LCIA (Annex 1)'!E59 -> 10
A126: Rejects fish (uneaten feed, excretion) | C126: ='LCIA (Annex 1)'!C55 -> 25 | D126: ='LCIA (Annex 1)'!D55 -> 0 | E126: ='LCIA (Annex 1)'!E55 -> 29
A127: Energy consumption | C127: ='LCIA (Annex 1)'!C52 -> 2 | D127: ='LCIA (Annex 1)'!D52 -> 0 | E127: ='LCIA (Annex 1)'!E52 -> 3
A128: Transports | C128: ='LCIA (Annex 1)'!C60 -> 2 | D128: ='LCIA (Annex 1)'!D60 -> 1 | E128: ='LCIA (Annex 1)'!E60 -> 2
A129: Equipment | C129: ='LCIA (Annex 1)'!C57 -> 3 | D129: ='LCIA (Annex 1)'!D57 -> 1 | E129: ='LCIA (Annex 1)'!E57 -> 0
A130: Direct activity (farm area, water mgmt.) | C130: ='LCIA (Annex 1)'!C61 -> 0 | D130: ='LCIA (Annex 1)'!D61 -> 0 | E130: ='LCIA (Annex 1)'!E61 -> 0
A131: Water consumption | C131: ='LCIA (Annex 1)'!C53 -> 0 | D131: ='LCIA (Annex 1)'!D53 -> 0 | E131: ='LCIA (Annex 1)'!E53 -> 0
A132: Other (buildings, vehicles, chemicals, fry) | C132: ='LCIA (Annex 1)'!C51+'LCIA (Annex 1)'!C54+'LCIA (Annex 1)'!C56+'LCIA (Annex 1)'!C58 -> 2 | D132: ='LCIA (Annex 1)'!D51+'LCIA (Annex 1)'!D54+'LCIA (Annex 1)'!D56+'LCIA (Annex 1)'!D58 -> 0 | E132: ='LCIA (Annex 1)'!E51+'LCIA (Annex 1)'!E54+'LCIA (Annex 1)'!E56+'LCIA (Annex 1)'!E58 -> 0
A133: Total (reported) | C133: ='LCIA (Annex 1)'!C63 -> 42 | D133: ='LCIA (Annex 1)'!D63 -> 6 | E133: ='LCIA (Annex 1)'!E63 -> 45
A142: EP - Eutrophication (kg PO4-eq per t)
A143: Process group | C143: Semi-intensive pond IMTA | D143: Semi-extensive pond IMTA | E143: Semi-intensive fish polyculture
A144: Feeds | C144: ='LCIA (Annex 1)'!C74 -> 8 | D144: ='LCIA (Annex 1)'!D74 -> 3 | E144: ='LCIA (Annex 1)'!E74 -> 8
A145: Rejects fish (uneaten feed, excretion) | C145: ='LCIA (Annex 1)'!C70 -> 16 | D145: ='LCIA (Annex 1)'!D70 -> -1 | E145: ='LCIA (Annex 1)'!E70 -> 51
A146: Energy consumption | C146: ='LCIA (Annex 1)'!C67 -> 1 | D146: ='LCIA (Annex 1)'!D67 -> 0 | E146: ='LCIA (Annex 1)'!E67 -> 1
A147: Transports | C147: ='LCIA (Annex 1)'!C75 -> 0 | D147: ='LCIA (Annex 1)'!D75 -> 0 | E147: ='LCIA (Annex 1)'!E75 -> 0
A148: Equipment | C148: ='LCIA (Annex 1)'!C72 -> 1 | D148: ='LCIA (Annex 1)'!D72 -> 0 | E148: ='LCIA (Annex 1)'!E72 -> 0
A149: Direct activity (farm area, water mgmt.) | C149: ='LCIA (Annex 1)'!C76 -> 0 | D149: ='LCIA (Annex 1)'!D76 -> 0 | E149: ='LCIA (Annex 1)'!E76 -> 0
A150: Water consumption | C150: ='LCIA (Annex 1)'!C68 -> 0 | D150: ='LCIA (Annex 1)'!D68 -> 0 | E150: ='LCIA (Annex 1)'!E68 -> 0
A151: Other (buildings, vehicles, chemicals, fry) | C151: ='LCIA (Annex 1)'!C66+'LCIA (Annex 1)'!C69+'LCIA (Annex 1)'!C71+'LCIA (Annex 1)'!C73 -> 0 | D151: ='LCIA (Annex 1)'!D66+'LCIA (Annex 1)'!D69+'LCIA (Annex 1)'!D71+'LCIA (Annex 1)'!D73 -> 0 | E151: ='LCIA (Annex 1)'!E66+'LCIA (Annex 1)'!E69+'LCIA (Annex 1)'!E71+'LCIA (Annex 1)'!E73 -> 0
A152: Total (reported) | C152: ='LCIA (Annex 1)'!C78 -> 26 | D152: ='LCIA (Annex 1)'!D78 -> 2 | E152: ='LCIA (Annex 1)'!E78 -> 61
A161: LC - Land competition (m2a per t)
A162: Process group | C162: Semi-intensive pond IMTA | D162: Semi-extensive pond IMTA | E162: Semi-intensive fish polyculture
A163: Feeds | C163: ='LCIA (Annex 1)'!C89 -> 1942 | D163: ='LCIA (Annex 1)'!D89 -> 660 | E163: ='LCIA (Annex 1)'!E89 -> 1897
A164: Rejects fish (uneaten feed, excretion) | C164: ='LCIA (Annex 1)'!C85 -> 0 | D164: ='LCIA (Annex 1)'!D85 -> 0 | E164: ='LCIA (Annex 1)'!E85 -> 0
A165: Energy consumption | C165: ='LCIA (Annex 1)'!C82 -> 8 | D165: ='LCIA (Annex 1)'!D82 -> 0 | E165: ='LCIA (Annex 1)'!E82 -> 12
A166: Transports | C166: ='LCIA (Annex 1)'!C90 -> 4 | D166: ='LCIA (Annex 1)'!D90 -> 3 | E166: ='LCIA (Annex 1)'!E90 -> 5
A167: Equipment | C167: ='LCIA (Annex 1)'!C87 -> 6 | D167: ='LCIA (Annex 1)'!D87 -> 0 | E167: ='LCIA (Annex 1)'!E87 -> 0
A168: Direct activity (farm area, water mgmt.) | C168: ='LCIA (Annex 1)'!C91 -> 941 | D168: ='LCIA (Annex 1)'!D91 -> 4194 | E168: ='LCIA (Annex 1)'!E91 -> 460
A169: Water consumption | C169: ='LCIA (Annex 1)'!C83 -> 0 | D169: ='LCIA (Annex 1)'!D83 -> 0 | E169: ='LCIA (Annex 1)'!E83 -> 0
A170: Other (buildings, vehicles, chemicals, fry) | C170: ='LCIA (Annex 1)'!C81+'LCIA (Annex 1)'!C84+'LCIA (Annex 1)'!C86+'LCIA (Annex 1)'!C88 -> 45 | D170: ='LCIA (Annex 1)'!D81+'LCIA (Annex 1)'!D84+'LCIA (Annex 1)'!D86+'LCIA (Annex 1)'!D88 -> 27 | E170: ='LCIA (Annex 1)'!E81+'LCIA (Annex 1)'!E84+'LCIA (Annex 1)'!E86+'LCIA (Annex 1)'!E88 -> 3
...

Sheet Comparison
A1: Comparison per tonne of fish + oyster, and change against the polyculture baseline
A2: Source: INTEGRATE deliverable PI05#3 (IPMA & CTAQUA, 2020)
A4: Impact category | B4: Unit | C4: Semi-intensive pond IMTA | D4: Semi-extensive pond IMTA | E4: Semi-intensive fish polyculture | F4: SI-IMTA vs POLY | G4: SE-IMTA vs POLY | H4: Lowest
A5: GW - Global warming | B5: kg CO2-eq | C5: ='LCIA (Annex 1)'!C18 -> 2801 | D5: ='LCIA (Annex 1)'!D18 -> 1255 | E5: ='LCIA (Annex 1)'!E18 -> 2836 | F5: =C5/E5-1 -> -0.012341326 | G5: =D5/E5-1 -> -0.55747532 | H5: =INDEX($C$4:$E$4,MATCH(MIN(C5:E5),C5:E5,0)) -> Semi-extensive pond IMTA
A6: TCED - Cumulative energy demand | B6: MJ-eq | C6: ='LCIA (Annex 1)'!C33 -> 90127 | D6: ='LCIA (Annex 1)'!D33 -> 19097 | E6: ='LCIA (Annex 1)'!E33 -> 99897 | F6: =C6/E6-1 -> -0.097800735 | G6: =D6/E6-1 -> -0.8088331 | H6: =INDEX($C$4:$E$4,MATCH(MIN(C6:E6),C6:E6,0)) -> Semi-extensive pond IMTA
A7: NPPU - Net primary production use | B7: kg C | C7: ='LCIA (Annex 1)'!C48 -> 10478 | D7: ='LCIA (Annex 1)'!D48 -> 4402 | E7: ='LCIA (Annex 1)'!E48 -> 12358 | F7: =C7/E7-1 -> -0.15212818 | G7: =D7/E7-1 -> -0.64379349 | H7: =INDEX($C$4:$E$4,MATCH(MIN(C7:E7),C7:E7,0)) -> Semi-extensive pond IMTA
A8: AP - Acidification | B8: kg SO2-eq | C8: ='LCIA (Annex 1)'!C63 -> 42 | D8: ='LCIA (Annex 1)'!D63 -> 6 | E8: ='LCIA (Annex 1)'!E63 -> 45 | F8: =C8/E8-1 -> -0.066666667 | G8: =D8/E8-1 -> -0.86666667 | H8: =INDEX($C$4:$E$4,MATCH(MIN(C8:E8),C8:E8,0)) -> Semi-extensive pond IMTA
A9: EP - Eutrophication | B9: kg PO4-eq | C9: ='LCIA (Annex 1)'!C78 -> 26 | D9: ='LCIA (Annex 1)'!D78 -> 2 | E9: ='LCIA (Annex 1)'!E78 -> 61 | F9: =C9/E9-1 -> -0.57377049 | G9: =D9/E9-1 -> -0.96721311 | H9: =INDEX($C$4:$E$4,MATCH(MIN(C9:E9),C9:E9,0)) -> Semi-extensive pond IMTA
A10: LC - Land competition | B10: m2a | C10: ='LCIA (Annex 1)'!C93 -> 2946 | D10: ='LCIA (Annex 1)'!D93 -> 4885 | E10: ='LCIA (Annex 1)'!E93 -> 2379 | F10: =C10/E10-1 -> 0.23833544 | G10: =D10/E10-1 -> 1.0533838 | H10: =INDEX($C$4:$E$4,MATCH(MIN(C10:E10),C10:E10,0)) -> Semi-intensive fish polyculture
A11: WD - Water dependence | B11: m3 | C11: ='LCIA (Annex 1)'!C108 -> 163840 | D11: ='LCIA (Annex 1)'!D108 -> 115691 | E11: ='LCIA (Annex 1)'!E108 -> 393002 | F11: =C11/E11-1 -> -0.58310645 | G11: =D11/E11-1 -> -0.70562236 | H11: =INDEX($C$4:$E$4,MATCH(MIN(C11:E11),C11:E11,0)) -> Semi-extensive pond IMTA
A14: Implied impact per kg of feed (Feeds process / feed per tonne) - a check that the feed model is consistent
A15: Indicator | B15: Unit | C15: Semi-intensive pond IMTA | D15: Semi-extensive pond IMTA | E15: Semi-intensive fish polyculture
A16: Global warming of feed | B16: kg CO2-eq/kg feed | C16: ='LCIA (Annex 1)'!C14/'LCI per tonne'!C8 -> 1.0083268 | D16: ='LCIA (Annex 1)'!D14/'LCI per tonne'!D8 -> 1.3095169 | E16: ='LCIA (Annex 1)'!E14/'LCI per tonne'!E8 -> 1.0473441
A17: Cumulative energy demand of feed | B17: MJ-eq/kg feed | C17: ='LCIA (Annex 1)'!C29/'LCI per tonne'!C8 -> 13.688248 | D17: ='LCIA (Annex 1)'!D29/'LCI per tonne'!D8 -> 14.113483 | E17: ='LCIA (Annex 1)'!E29/'LCI per tonne'!E8 -> 14.082947
A18: Net primary production use of feed | B18: kg C/kg feed | C18: ='LCIA (Annex 1)'!C44/'LCI per tonne'!C8 -> 6.7848872 | D18: ='LCIA (Annex 1)'!D44/'LCI per tonne'!D8 -> 7.7981461 | E18: ='LCIA (Annex 1)'!E44/'LCI per tonne'!E8 -> 6.9097867

Sheet KPI framework
A1: KPI framework - 13 KPIs per tonne of fish + oyster
A2: Source: INTEGRATE deliverable PI05#3 (IPMA & CTAQUA, 2020)
A5: Improvement target for environmental KPIs (better than polyculture by at least): | F5: 0.1 | G5: E-targets = polyculture value x (1 - this). Circularity targets are set per KPI (yellow).
A7: ID | B7: Dimension | C7: KPI | D7: Unit | E7: Better if | F7: Target | G7: Value SI-IMTA | H7: Value SE-IMTA | I7: Value SI-POLY | J7: Met SI-IMTA | K7: Met SE-IMTA | L7: Met SI-POLY | M7: Formula
A8: E1 | B8: Environment | C8: Global warming | D8: kg CO2-eq/t | E8: lower | F8: ='LCIA (Annex 1)'!E18*(1-$F$5) -> 2552.4 | G8: ='LCIA (Annex 1)'!C18 -> 2801 | H8: ='LCIA (Annex 1)'!D18 -> 1255 | I8: ='LCIA (Annex 1)'!E18 -> 2836 | J8: =IF(G8<=$F8,"✓","✗") -> ✗ | K8: =IF(H8<=$F8,"✓","✗") -> ✓ | L8: baseline | M8: Annex 1 total; target = polyculture x (1 - improvement)
A9: E2 | B9: Environment | C9: Cumulative energy demand | D9: MJ-eq/t | E9: lower | F9: ='LCIA (Annex 1)'!E33*(1-$F$5) -> 89907.3 | G9: ='LCIA (Annex 1)'!C33 -> 90127 | H9: ='LCIA (Annex 1)'!D33 -> 19097 | I9: ='LCIA (Annex 1)'!E33 -> 99897 | J9: =IF(G9<=$F9,"✓","✗") -> ✗ | K9: =IF(H9<=$F9,"✓","✗") -> ✓ | L9: baseline | M9: Annex 1 total; target = polyculture x (1 - improvement)
A10: E3 | B10: Environment | C10: Net primary production use | D10: kg C/t | E10: lower | F10: ='LCIA (Annex 1)'!E48*(1-$F$5) -> 11122.2 | G10: ='LCIA (Annex 1)'!C48 -> 10478 | H10: ='LCIA (Annex 1)'!D48 -> 4402 | I10: ='LCIA (Annex 1)'!E48 -> 12358 | J10: =IF(G10<=$F10,"✓","✗") -> ✓ | K10: =IF(H10<=$F10,"✓","✗") -> ✓ | L10: baseline | M10: Annex 1 total; target = polyculture x (1 - improvement)
A11: E4 | B11: Environment | C11: Acidification | D11: kg SO2-eq/t | E11: lower | F11: ='LCIA (Annex 1)'!E63*(1-$F$5) -> 40.5 | G11: ='LCIA (Annex 1)'!C63 -> 42 | H11: ='LCIA (Annex 1)'!D63 -> 6 | I11: ='LCIA (Annex 1)'!E63 -> 45 | J11: =IF(G11<=$F11,"✓","✗") -> ✗ | K11: =IF(H11<=$F11,"✓","✗") -> ✓ | L11: baseline | M11: Annex 1 total; target = polyculture x (1 - improvement)
A12: E5 | B12: Environment | C12: Eutrophication | D12: kg PO4-eq/t | E12: lower | F12: ='LCIA (Annex 1)'!E78*(1-$F$5) -> 54.9 | G12: ='LCIA (Annex 1)'!C78 -> 26 | H12: ='LCIA (Annex 1)'!D78 -> 2 | I12: ='LCIA (Annex 1)'!E78 -> 61 | J12: =IF(G12<=$F12,"✓","✗") -> ✓ | K12: =IF(H12<=$F12,"✓","✗") -> ✓ | L12: baseline | M12: Annex 1 total; target = polyculture x (1 - improvement)
A13: E6 | B13: Environment | C13: Land competition | D13: m2a/t | E13: lower | F13: ='LCIA (Annex 1)'!E93*(1-$F$5) -> 2141.1 | G13: ='LCIA (Annex 1)'!C93 -> 2946 | H13: ='LCIA (Annex 1)'!D93 -> 4885 | I13: ='LCIA (Annex 1)'!E93 -> 2379 | J13: =IF(G13<=$F13,"✓","✗") -> ✗ | K13: =IF(H13<=$F13,"✓","✗") -> ✗ | L13: baseline | M13: Annex 1 total; target = polyculture x (1 - improvement)
A14: E7 | B14: Environment | C14: Water dependence | D14: m3/t | E14: lower | F14: ='LCIA (Annex 1)'!E108*(1-$F$5) -> 353701.8 | G14: ='LCIA (Annex 1)'!C108 -> 163840 | H14: ='LCIA (Annex 1)'!D108 -> 115691 | I14: ='LCIA (Annex 1)'!E108 -> 393002 | J14: =IF(G14<=$F14,"✓","✗") -> ✓ | K14: =IF(H14<=$F14,"✓","✗") -> ✓ | L14: baseline | M14: Annex 1 total; target = polyculture x (1 - improvement)
A15: C1 | B15: Circularity | C15: Nitrogen use efficiency | D15: % | E15: higher | F15: 0.35 | G15: ='Nutrient balance'!C13 -> 0.46975888 | H15: ='Nutrient balance'!D13 -> 1.1060393 | I15: ='Nutrient balance'!E13 -> 0.20175724 | J15: =IF(G15>=$F15,"✓","✗") -> ✓ | K15: =IF(H15>=$F15,"✓","✗") -> ✓ | L15: =IF(I15>=$F15,"✓","✗") -> ✗ | M15: (N in fish + oysters + macroalgae) / N in feed
A16: C2 | B16: Circularity | C16: Phosphorus use efficiency | D16: % | E16: higher | F16: 0.3 | G16: ='Nutrient balance'!C22 -> 0.3215799 | H16: ='Nutrient balance'!D22 -> 0.95073466 | I16: ='Nutrient balance'!E22 -> 0.16270745 | J16: =IF(G16>=$F16,"✓","✗") -> ✓ | K16: =IF(H16>=$F16,"✓","✗") -> ✓ | L16: =IF(I16>=$F16,"✓","✗") -> ✗ | M16: (P in fish + oysters + macroalgae) / P in feed
A17: C3 | B17: Circularity | C17: Net N released to water | D17: kg N/t | E17: lower | F17: 60 | G17: ='Nutrient balance'!C14 -> 54.738487 | H17: ='Nutrient balance'!D14 -> -3.7987421 | I17: ='Nutrient balance'!E14 -> 95.929607 | J17: =IF(G17<=$F17,"✓","✗") -> ✓ | K17: =IF(H17<=$F17,"✓","✗") -> ✓ | L17: =IF(I17<=$F17,"✓","✗") -> ✗ | M17: net N released per pond x scaling factor
A18: C4 | B18: Circularity | C18: Fish feed conversion ratio | D18: kg/kg | E18: lower | F18: 1.75 | G18: =Inventory!C26 -> 1.7179254 | H18: =Inventory!D26 -> 1.3692308 | I18: =Inventory!E26 -> 1.7883331 | J18: =IF(G18<=$F18,"✓","✗") -> ✓ | K18: =IF(H18<=$F18,"✓","✗") -> ✓ | L18: =IF(I18<=$F18,"✓","✗") -> ✗ | M18: feed / fish weight gain
A19: C5 | B19: Circularity | C19: Share of non-fed (extractive) biomass | D19: % | E19: higher | F19: 0.5 | G19: =(Inventory!C19+Inventory!C20)/(Inventory!C18+Inventory!C19+Inventory!C20) -> 0.55197717 | H19: =(Inventory!D19+Inventory!D20)/(Inventory!D18+Inventory!D19+Inventory!D20) -> 0.99817205 | I19: =(Inventory!E19+Inventory!E20)/(Inventory!E18+Inventory!E19+Inventory!E20) -> 0 | J19: =IF(G19>=$F19,"✓","✗") -> ✓ | K19: =IF(H19>=$F19,"✓","✗") -> ✓ | L19: =IF(I19>=$F19,"✓","✗") -> ✗ | M19: (oyster + macroalgae gain) / total harvest
A20: C6 | B20: Circularity | C20: Feed share of global warming | D20: % | E20: lower | F20: 0.6 | G20: ='LCIA (Annex 1)'!C14/'LCIA (Annex 1)'!C18 -> 0.55301678 | H20: ='LCIA (Annex 1)'!D14/'LCIA (Annex 1)'!D18 -> 0.58406375 | I20: ='LCIA (Annex 1)'!E14/'LCIA (Annex 1)'!E18 -> 0.66043724 | J20: =IF(G20<=$F20,"✓","✗") -> ✓ | K20: =IF(H20<=$F20,"✓","✗") -> ✓ | L20: =IF(I20<=$F20,"✓","✗") -> ✗ | M20: Feeds process / total global warming
A22: Targets met | J22: =COUNTIF(J8:J20,"✓")&" / "&COUNTA(J8:J20) -> 9 / 13 | K22: =COUNTIF(K8:K20,"✓")&" / "&COUNTA(K8:K20) -> 12 / 13 | L22: =COUNTIF(L8:L20,"✓")&" / "&COUNTA(L8:L20) -> 0 / 13
A24: Targets are placeholders for a stakeholder workshop. Polyculture environmental KPIs show 'baseline' because the target is defined relative to it.

Sheet Dashboard
A1: Dashboard - pond IMTA vs fish polyculture
A2: Source: INTEGRATE deliverable PI05#3 (IPMA & CTAQUA, 2020)
C4: Semi-intensive pond IMTA | D4: Semi-extensive pond IMTA | E4: Semi-intensive fish polyculture
A5: KPI targets met | C5: ='KPI framework'!J22 -> 9 / 13 | D5: ='KPI framework'!K22 -> 12 / 13 | E5: ='KPI framework'!L22 -> 0 / 13
A6: Global warming, kg CO2-eq/t | C6: =Comparison!C5 -> 2801 | D6: =Comparison!D5 -> 1255 | E6: =Comparison!E5 -> 2836
A7: Eutrophication, kg PO4-eq/t | C7: =Comparison!C9 -> 26 | D7: =Comparison!D9 -> 2 | E7: =Comparison!E9 -> 61
A8: Water dependence, m3/t | C8: =Comparison!C11 -> 163840 | D8: =Comparison!D11 -> 115691 | E8: =Comparison!E11 -> 393002
A9: Land competition, m2a/t | C9: =Comparison!C10 -> 2946 | D9: =Comparison!D10 -> 4885 | E9: =Comparison!E10 -> 2379
A10: Nitrogen use efficiency | C10: ='Nutrient balance'!C13 -> 0.46975888 | D10: ='Nutrient balance'!D13 -> 1.1060393 | E10: ='Nutrient balance'!E13 -> 0.20175724
A11: Net N released, kg N/t | C11: ='Nutrient balance'!C14 -> 54.738487 | D11: ='Nutrient balance'!D14 -> -3.7987421 | E11: ='Nutrient balance'!E14 -> 95.929607
A15: Global warming by process (kg CO2-eq per t) - chart data
A16: Process | C16: Semi-intensive pond IMTA | D16: Semi-extensive pond IMTA | E16: Semi-intensive fish polyculture
A17: Building impact | C17: ='LCIA (Annex 1)'!C6 -> 137 | D17: ='LCIA (Annex 1)'!D6 -> 12 | E17: ='LCIA (Annex 1)'!E6 -> 13
A18: Energy consumption | C18: ='LCIA (Annex 1)'!C7 -> 330 | D18: ='LCIA (Annex 1)'!D7 -> 6 | E18: ='LCIA (Annex 1)'!E7 -> 474
A19: Vehicle | C19: ='LCIA (Annex 1)'!C9 -> 32 | D19: ='LCIA (Annex 1)'!D9 -> 8 | E19: ='LCIA (Annex 1)'!E9 -> 80
A20: Chemical products | C20: ='LCIA (Annex 1)'!C11 -> 0 | D20: ='LCIA (Annex 1)'!D11 -> 30 | E20: ='LCIA (Annex 1)'!E11 -> 0
A21: Equipment | C21: ='LCIA (Annex 1)'!C12 -> 386 | D21: ='LCIA (Annex 1)'!D12 -> 228 | E21: ='LCIA (Annex 1)'!E12 -> 15
A22: Fry | C22: ='LCIA (Annex 1)'!C13 -> 43 | D22: ='LCIA (Annex 1)'!D13 -> 29 | E22: ='LCIA (Annex 1)'!E13 -> 1
A23: Feeds | C23: ='LCIA (Annex 1)'!C14 -> 1549 | D23: ='LCIA (Annex 1)'!D14 -> 733 | E23: ='LCIA (Annex 1)'!E14 -> 1873
A24: Transports | C24: ='LCIA (Annex 1)'!C15 -> 325 | D24: ='LCIA (Annex 1)'!D15 -> 208 | E24: ='LCIA (Annex 1)'!E15 -> 379

Sheet Charts
A1: Charts - all live: they update when an input or target changes
A2: Source: INTEGRATE deliverable PI05#3 (IPMA & CTAQUA, 2020)
A4: 1 Environmental profile: each impact per tonne as % of the fish-only pond (100 % = baseline)
A5: Impact category | C5: Semi-intensive pond IMTA | D5: Semi-extensive pond IMTA | E5: Semi-intensive fish polyculture
A6: Global warming | C6: =Comparison!C5/Comparison!$E5 -> 0.98765867 | D6: =Comparison!D5/Comparison!$E5 -> 0.44252468 | E6: =Comparison!E5/Comparison!$E5 -> 1
A7: Cumulative energy demand | C7: =Comparison!C6/Comparison!$E6 -> 0.90219927 | D7: =Comparison!D6/Comparison!$E6 -> 0.1911669 | E7: =Comparison!E6/Comparison!$E6 -> 1
A8: Net primary production use | C8: =Comparison!C7/Comparison!$E7 -> 0.84787182 | D8: =Comparison!D7/Comparison!$E7 -> 0.35620651 | E8: =Comparison!E7/Comparison!$E7 -> 1
A9: Acidification | C9: =Comparison!C8/Comparison!$E8 -> 0.93333333 | D9: =Comparison!D8/Comparison!$E8 -> 0.13333333 | E9: =Comparison!E8/Comparison!$E8 -> 1
A10: Eutrophication | C10: =Comparison!C9/Comparison!$E9 -> 0.42622951 | D10: =Comparison!D9/Comparison!$E9 -> 0.032786885 | E10: =Comparison!E9/Comparison!$E9 -> 1
A11: Land competition | C11: =Comparison!C10/Comparison!$E10 -> 1.2383354 | D11: =Comparison!D10/Comparison!$E10 -> 2.0533838 | E11: =Comparison!E10/Comparison!$E10 -> 1
A12: Water dependence | C12: =Comparison!C11/Comparison!$E11 -> 0.41689355 | D12: =Comparison!D11/Comparison!$E11 -> 0.29437764 | E12: =Comparison!E11/Comparison!$E11 -> 1
A25: 2 Change per tonne against the fish-only pond (negative = better)
A26: Impact category | C26: SI-IMTA vs POLY | D26: SE-IMTA vs POLY
A27: Global warming | C27: =Comparison!F5 -> -0.012341326 | D27: =Comparison!G5 -> -0.55747532
A28: Cumulative energy demand | C28: =Comparison!F6 -> -0.097800735 | D28: =Comparison!G6 -> -0.8088331
A29: Net primary production use | C29: =Comparison!F7 -> -0.15212818 | D29: =Comparison!G7 -> -0.64379349
A30: Acidification | C30: =Comparison!F8 -> -0.066666667 | D30: =Comparison!G8 -> -0.86666667
A31: Eutrophication | C31: =Comparison!F9 -> -0.57377049 | D31: =Comparison!G9 -> -0.96721311
A32: Land competition | C32: =Comparison!F10 -> 0.23833544 | D32: =Comparison!G10 -> 1.0533838
A33: Water dependence | C33: =Comparison!F11 -> -0.58310645 | D33: =Comparison!G11 -> -0.70562236
A46: 3 Fate of the nitrogen in the feed, kg N per tonne (negative release = net uptake from the water)
A47: System | C47: in fish + oysters | D47: in macroalgae | E47: released to water (net)
A48: Semi-intensive pond IMTA | C48: ='Nutrient balance'!C9*Inventory!C25 -> 23.59642 | D48: ='Nutrient balance'!C10*Inventory!C25 -> 24.898291 | E48: ='Nutrient balance'!C11*Inventory!C25 -> 54.738487
A49: Semi-extensive pond IMTA | C49: ='Nutrient balance'!D9*Inventory!D25 -> 28.301887 | D49: ='Nutrient balance'!D10*Inventory!D25 -> 11.320755 | E49: ='Nutrient balance'!D11*Inventory!D25 -> -3.7987421
A50: Semi-intensive fish polyculture | C50: ='Nutrient balance'!E9*Inventory!E25 -> 24.246374 | D50: ='Nutrient balance'!E10*Inventory!E25 -> 0 | E50: ='Nutrient balance'!E11*Inventory!E25 -> 95.929607
A64: 4 Fate of the phosphorus in the feed, kg P per tonne (negative release = net uptake from the water)
A65: System | C65: in fish + oysters | D65: in macroalgae | E65: released to water (net)
A66: Semi-intensive pond IMTA | C66: ='Nutrient balance'!C18*Inventory!C25 -> 4.8006509 | D66: ='Nutrient balance'!C19*Inventory!C25 -> 2.1155411 | E66: ='Nutrient balance'!C20*Inventory!C25 -> 14.590724
A67: Semi-extensive pond IMTA | C67: ='Nutrient balance'!D18*Inventory!D25 -> 6.2893082 | D67: ='Nutrient balance'!D19*Inventory!D25 -> 0.62893082 | E67: ='Nutrient balance'!D20*Inventory!D25 -> 0.35849057
A68: Semi-intensive fish polyculture | C68: ='Nutrient balance'!E18*Inventory!E25 -> 4.0736516 | D68: ='Nutrient balance'!E19*Inventory!E25 -> 0 | E68: ='Nutrient balance'!E20*Inventory!E25 -> 20.963011
A82: 5 KPI targets met per system
A83: System | C83: Environmental (of 7) | D83: Circularity (of 6) | E83: Total (of 13)
A84: Semi-intensive pond IMTA | C84: =COUNTIF('KPI framework'!J8:J14,"✓") -> 3 | D84: =COUNTIF('KPI framework'!J15:J20,"✓") -> 6 | E84: =C84+D84 -> 9
A85: Semi-extensive pond IMTA | C85: =COUNTIF('KPI framework'!K8:K14,"✓") -> 6 | D85: =COUNTIF('KPI framework'!K15:K20,"✓") -> 6 | E85: =C85+D85 -> 12
A86: Semi-intensive fish polyculture | C86: =COUNTIF('KPI framework'!L8:L14,"✓") -> 0 | D86: =COUNTIF('KPI framework'!L15:L20,"✓") -> 0 | E86: =C86+D86 -> 0
A101: 6 Margin to target per KPI (positive = target met; capped at -100 % and +150 %; blank = baseline)
A102: KPI | C102: Semi-intensive pond IMTA | D102: Semi-extensive pond IMTA | E102: Semi-intensive fish polyculture
A103: E1 Global warming | C103: =MAX(-1,MIN(1.5,('KPI framework'!$F8-'KPI framework'!G8)/ABS('KPI framework'!$F8))) -> -0.097398527 | D103: =MAX(-1,MIN(1.5,('KPI framework'!$F8-'KPI framework'!H8)/ABS('KPI framework'!$F8))) -> 0.50830591 | E103: =NA() -> #N/A
A104: E2 Cumulative energy demand | C104: =MAX(-1,MIN(1.5,('KPI framework'!$F9-'KPI framework'!G9)/ABS('KPI framework'!$F9))) -> -0.002443628 | D104: =MAX(-1,MIN(1.5,('KPI framework'!$F9-'KPI framework'!H9)/ABS('KPI framework'!$F9))) -> 0.78759233 | E104: =NA() -> #N/A
A105: E3 Net primary production use | C105: =MAX(-1,MIN(1.5,('KPI framework'!$F10-'KPI framework'!G10)/ABS('KPI framework'!$F10))) -> 0.057920196 | D105: =MAX(-1,MIN(1.5,('KPI framework'!$F10-'KPI framework'!H10)/ABS('KPI framework'!$F10))) -> 0.60421499 | E105: =NA() -> #N/A
A106: E4 Acidification | C106: =MAX(-1,MIN(1.5,('KPI framework'!$F11-'KPI framework'!G11)/ABS('KPI framework'!$F11))) -> -0.037037037 | D106: =MAX(-1,MIN(1.5,('KPI framework'!$F11-'KPI framework'!H11)/ABS('KPI framework'!$F11))) -> 0.85185185 | E106: =NA() -> #N/A
A107: E5 Eutrophication | C107: =MAX(-1,MIN(1.5,('KPI framework'!$F12-'KPI framework'!G12)/ABS('KPI framework'!$F12))) -> 0.52641166 | D107: =MAX(-1,MIN(1.5,('KPI framework'!$F12-'KPI framework'!H12)/ABS('KPI framework'!$F12))) -> 0.96357013 | E107: =NA() -> #N/A
A108: E6 Land competition | C108: =MAX(-1,MIN(1.5,('KPI framework'!$F13-'KPI framework'!G13)/ABS('KPI framework'!$F13))) -> -0.37592826 | D108: =MAX(-1,MIN(1.5,('KPI framework'!$F13-'KPI framework'!H13)/ABS('KPI framework'!$F13))) -> -1 | E108: =NA() -> #N/A
A109: E7 Water dependence | C109: =MAX(-1,MIN(1.5,('KPI framework'!$F14-'KPI framework'!G14)/ABS('KPI framework'!$F14))) -> 0.53678494 | D109: =MAX(-1,MIN(1.5,('KPI framework'!$F14-'KPI framework'!H14)/ABS('KPI framework'!$F14))) -> 0.67291374 | E109: =NA() -> #N/A
A110: C1 Nitrogen use efficiency | C110: =MAX(-1,MIN(1.5,('KPI framework'!G15-'KPI framework'!$F15)/ABS('KPI framework'!$F15))) -> 0.34216822 | D110: =MAX(-1,MIN(1.5,('KPI framework'!H15-'KPI framework'!$F15)/ABS('KPI framework'!$F15))) -> 1.5 | E110: =MAX(-1,MIN(1.5,('KPI framework'!I15-'KPI framework'!$F15)/ABS('KPI framework'!$F15))) -> -0.42355074
A111: C2 Phosphorus use efficiency | C111: =MAX(-1,MIN(1.5,('KPI framework'!G16-'KPI framework'!$F16)/ABS('KPI framework'!$F16))) -> 0.07193301 | D111: =MAX(-1,MIN(1.5,('KPI framework'!H16-'KPI framework'!$F16)/ABS('KPI framework'!$F16))) -> 1.5 | E111: =MAX(-1,MIN(1.5,('KPI framework'!I16-'KPI framework'!$F16)/ABS('KPI framework'!$F16))) -> -0.45764183
A112: C3 Net N released to water | C112: =MAX(-1,MIN(1.5,('KPI framework'!$F17-'KPI framework'!G17)/ABS('KPI framework'!$F17))) -> 0.08769189 | D112: =MAX(-1,MIN(1.5,('KPI framework'!$F17-'KPI framework'!H17)/ABS('KPI framework'!$F17))) -> 1.0633124 | E112: =MAX(-1,MIN(1.5,('KPI framework'!$F17-'KPI framework'!I17)/ABS('KPI framework'!$F17))) -> -0.59882679
A113: C4 Fish feed conversion ratio | C113: =MAX(-1,MIN(1.5,('KPI framework'!$F18-'KPI framework'!G18)/ABS('KPI framework'!$F18))) -> 0.01832835 | D113: =MAX(-1,MIN(1.5,('KPI framework'!$F18-'KPI framework'!H18)/ABS('KPI framework'!$F18))) -> 0.21758242 | E113: =MAX(-1,MIN(1.5,('KPI framework'!$F18-'KPI framework'!I18)/ABS('KPI framework'!$F18))) -> -0.021904607
A114: C5 Share of non-fed (extractive) biomass | C114: =MAX(-1,MIN(1.5,('KPI framework'!G19-'KPI framework'!$F19)/ABS('KPI framework'!$F19))) -> 0.10395434 | D114: =MAX(-1,MIN(1.5,('KPI framework'!H19-'KPI framework'!$F19)/ABS('KPI framework'!$F19))) -> 0.9963441 | E114: =MAX(-1,MIN(1.5,('KPI framework'!I19-'KPI framework'!$F19)/ABS('KPI framework'!$F19))) -> -1
A115: C6 Feed share of global warming | C115: =MAX(-1,MIN(1.5,('KPI framework'!$F20-'KPI framework'!G20)/ABS('KPI framework'!$F20))) -> 0.078305367 | D115: =MAX(-1,MIN(1.5,('KPI framework'!$F20-'KPI framework'!H20)/ABS('KPI framework'!$F20))) -> 0.026560425 | E115: =MAX(-1,MIN(1.5,('KPI framework'!$F20-'KPI framework'!I20)/ABS('KPI framework'!$F20))) -> -0.10072873

Sheet Figures
A1: Figures - the report charts drawn by make_charts.py, each with its data table on the right
A2: Source: INTEGRATE deliverable PI05#3 (IPMA & CTAQUA, 2020)
A3: The pictures are static (published values). The tables next to them are live formulas, so they update when you change an input.
A5: 00_key_numbers.png
P6: Data: key numbers (per tonne of fish + oyster)
P7: Indicator | Q7: Semi-intensive pond IMTA | R7: Semi-extensive pond IMTA | S7: Semi-intensive fish polyculture
P8: Eutrophication, kg PO4-eq/t | Q8: =Comparison!C9 -> 26 | R8: =Comparison!D9 -> 2 | S8: =Comparison!E9 -> 61
P9: Eutrophication vs fish-only pond | Q9: =Comparison!C9/Comparison!$E9-1 -> -0.57377049 | R9: =Comparison!D9/Comparison!$E9-1 -> -0.96721311 | S9: =Comparison!E9/Comparison!$E9-1 -> 0
P10: Feed nitrogen kept in products | Q10: ='Nutrient balance'!C13 -> 0.46975888 | R10: ='Nutrient balance'!D13 -> 1.1060393 | S10: ='Nutrient balance'!E13 -> 0.20175724
P11: Global warming, kg CO2-eq/t | Q11: =Comparison!C5 -> 2801 | R11: =Comparison!D5 -> 1255 | S11: =Comparison!E5 -> 2836
P12: Global warming vs fish-only pond | Q12: =Comparison!C5/Comparison!$E5-1 -> -0.012341326 | R12: =Comparison!D5/Comparison!$E5-1 -> -0.55747532 | S12: =Comparison!E5/Comparison!$E5-1 -> 0
P13: Share of global warming from feed | Q13: ='LCIA (Annex 1)'!C14/'LCIA (Annex 1)'!C18 -> 0.55301678 | R13: ='LCIA (Annex 1)'!D14/'LCIA (Annex 1)'!D18 -> 0.58406375 | S13: ='LCIA (Annex 1)'!E14/'LCIA (Annex 1)'!E18 -> 0.66043724
P14: Land competition, m2a/t | Q14: =Comparison!C10 -> 2946 | R14: =Comparison!D10 -> 4885 | S14: =Comparison!E10 -> 2379
P15: Land competition vs fish-only pond | Q15: =Comparison!C10/Comparison!$E10-1 -> 0.23833544 | R15: =Comparison!D10/Comparison!$E10-1 -> 1.0533838 | S15: =Comparison!E10/Comparison!$E10-1 -> 0
A27: 01_change_vs_fish_pond.png
P28: Data: change per tonne against the fish-only pond
P29: Impact category | Q29: SI-IMTA vs POLY | R29: SE-IMTA vs POLY
P30: Global warming | Q30: =Comparison!F5 -> -0.012341326 | R30: =Comparison!G5 -> -0.55747532
P31: Cumulative energy demand | Q31: =Comparison!F6 -> -0.097800735 | R31: =Comparison!G6 -> -0.8088331
P32: Net primary production use | Q32: =Comparison!F7 -> -0.15212818 | R32: =Comparison!G7 -> -0.64379349
P33: Acidification | Q33: =Comparison!F8 -> -0.066666667 | R33: =Comparison!G8 -> -0.86666667
P34: Eutrophication | Q34: =Comparison!F9 -> -0.57377049 | R34: =Comparison!G9 -> -0.96721311
P35: Land competition | Q35: =Comparison!F10 -> 0.23833544 | R35: =Comparison!G10 -> 1.0533838
P36: Water dependence | Q36: =Comparison!F11 -> -0.58310645 | R36: =Comparison!G11 -> -0.70562236
A55: 02_global_warming_by_process.png
P56: Data: global warming by process, kg CO2-eq per tonne
P57: Process | Q57: Semi-intensive pond IMTA | R57: Semi-extensive pond IMTA | S57: Semi-intensive fish polyculture
P58: Feeds | Q58: ='LCIA (Annex 1)'!C14 -> 1549 | R58: ='LCIA (Annex 1)'!D14 -> 733 | S58: ='LCIA (Annex 1)'!E14 -> 1873
P59: Transport | Q59: ='LCIA (Annex 1)'!C15 -> 325 | R59: ='LCIA (Annex 1)'!D15 -> 208 | S59: ='LCIA (Annex 1)'!E15 -> 379
P60: Energy (pumping, aeration) | Q60: ='LCIA (Annex 1)'!C7 -> 330 | R60: ='LCIA (Annex 1)'!D7 -> 6 | S60: ='LCIA (Annex 1)'!E7 -> 474
P61: Equipment | Q61: ='LCIA (Annex 1)'!C12 -> 386 | R61: ='LCIA (Annex 1)'!D12 -> 228 | S61: ='LCIA (Annex 1)'!E12 -> 15
P62: Other (buildings, vehicles, chemicals, fry) | Q62: ='LCIA (Annex 1)'!C6+'LCIA (Annex 1)'!C9+'LCIA (Annex 1)'!C11+'LCIA (Annex 1)'!C13 -> 212 | R62: ='LCIA (Annex 1)'!D6+'LCIA (Annex 1)'!D9+'LCIA (Annex 1)'!D11+'LCIA (Annex 1)'!D13 -> 79 | S62: ='LCIA (Annex 1)'!E6+'LCIA (Annex 1)'!E9+'LCIA (Annex 1)'!E11+'LCIA (Annex 1)'!E13 -> 94
P63: Total (reported) | Q63: ='LCIA (Annex 1)'!C18 -> 2801 | R63: ='LCIA (Annex 1)'!D18 -> 1255 | S63: ='LCIA (Annex 1)'!E18 -> 2836
P64: Feed share of total | Q64: ='LCIA (Annex 1)'!C14/'LCIA (Annex 1)'!C18 -> 0.55301678 | R64: ='LCIA (Annex 1)'!D14/'LCIA (Annex 1)'!D18 -> 0.58406375 | S64: ='LCIA (Annex 1)'!E14/'LCIA (Annex 1)'!E18 -> 0.66043724
A84: 03_nitrogen_fate.png
P85: Data: fate of the feed nitrogen, kg N per tonne
P86: Item | Q86: Semi-intensive pond IMTA | R86: Semi-extensive pond IMTA | S86: Semi-intensive fish polyculture
P87: N in feed | Q87: ='Nutrient balance'!C8*Inventory!C25 -> 103.2332 | R87: ='Nutrient balance'!D8*Inventory!D25 -> 35.823899 | S87: ='Nutrient balance'!E8*Inventory!E25 -> 120.17598
P88: in fish + oysters | Q88: ='Nutrient balance'!C9*Inventory!C25 -> 23.59642 | R88: ='Nutrient balance'!D9*Inventory!D25 -> 28.301887 | S88: ='Nutrient balance'!E9*Inventory!E25 -> 24.246374
P89: in macroalgae | Q89: ='Nutrient balance'!C10*Inventory!C25 -> 24.898291 | R89: ='Nutrient balance'!D10*Inventory!D25 -> 11.320755 | S89: ='Nutrient balance'!E10*Inventory!E25 -> 0
P90: released to water (net; negative = uptake) | Q90: ='Nutrient balance'!C11*Inventory!C25 -> 54.738487 | R90: ='Nutrient balance'!D11*Inventory!D25 -> -3.7987421 | S90: ='Nutrient balance'!E11*Inventory!E25 -> 95.929607
P91: kept in products (N use efficiency) | Q91: ='Nutrient balance'!C13 -> 0.46975888 | R91: ='Nutrient balance'!D13 -> 1.1060393 | S91: ='Nutrient balance'!E13 -> 0.20175724
A109: 04_process_heatmap.png
P110: Data: share of each impact per process - Semi-intensive pond IMTA
P111: Process group | Q111: GW | R111: TCED | S111: NPPU | T111: AP | U111: EP | V111: LC | W111: WD
P112: Feeds | Q112: =IF(SUMPRODUCT(ABS('LCIA (Annex 1)'!C6:C16))=0,0,('LCIA (Annex 1)'!C14)/SUMPRODUCT(ABS('LCIA (Annex 1)'!C6:C16))) -> 0.55281941 | R112: =IF(SUMPRODUCT(ABS('LCIA (Annex 1)'!C21:C31))=0,0,('LCIA (Annex 1)'!C29)/SUMPRODUCT(ABS('LCIA (Annex 1)'!C21:C31))) -> 0.23331262 | S112: =IF(SUMPRODUCT(ABS('LCIA (Annex 1)'!C36:C46))=0,0,('LCIA (Annex 1)'!C44)/SUMPRODUCT(ABS('LCIA (Annex 1)'!C36:C46))) -> 0.99475091 | T112: =IF(SUMPRODUCT(ABS('LCIA (Annex 1)'!C51:C61))=0,0,('LCIA (Annex 1)'!C59)/SUMPRODUCT(ABS('LCIA (Annex 1)'!C51:C61))) -> 0.19047619 | U112: =IF(SUMPRODUCT(ABS('LCIA (Annex 1)'!C66:C76))=0,0,('LCIA (Annex 1)'!C74)/SUMPRODUCT(ABS('LCIA (Annex 1)'!C66:C76))) -> 0.30769231 | V112: =IF(SUMPRODUCT(ABS('LCIA (Annex 1)'!C81:C91))=0,0,('LCIA (Annex 1)'!C89)/SUMPRODUCT(ABS('LCIA (Annex 1)'!C81:C91))) -> 0.65919891 | W112: =IF(SUMPRODUCT(ABS('LCIA (Annex 1)'!C96:C106))=0,0,('LCIA (Annex 1)'!C104)/SUMPRODUCT(ABS('LCIA (Annex 1)'!C96:C106))) -> 0.00028686348
P113: Rejects fish (uneaten feed, excretion) | Q113: =IF(SUMPRODUCT(ABS('LCIA (Annex 1)'!C6:C16))=0,0,('LCIA (Annex 1)'!C10)/SUMPRODUCT(ABS('LCIA (Annex 1)'!C6:C16))) -> 0 | R113: =IF(SUMPRODUCT(ABS('LCIA (Annex 1)'!C21:C31))=0,0,('LCIA (Annex 1)'!C25)/SUMPRODUCT(ABS('LCIA (Annex 1)'!C21:C31))) -> 0 | S113: =IF(SUMPRODUCT(ABS('LCIA (Annex 1)'!C36:C46))=0,0,('LCIA (Annex 1)'!C40)/SUMPRODUCT(ABS('LCIA (Annex 1)'!C36:C46))) -> 0 | T113: =IF(SUMPRODUCT(ABS('LCIA (Annex 1)'!C51:C61))=0,0,('LCIA (Annex 1)'!C55)/SUMPRODUCT(ABS('LCIA (Annex 1)'!C51:C61))) -> 0.5952381 | U113: =IF(SUMPRODUCT(ABS('LCIA (Annex 1)'!C66:C76))=0,0,('LCIA (Annex 1)'!C70)/SUMPRODUCT(ABS('LCIA (Annex 1)'!C66:C76))) -> 0.61538462 | V113: =IF(SUMPRODUCT(ABS('LCIA (Annex 1)'!C81:C91))=0,0,('LCIA (Annex 1)'!C85)/SUMPRODUCT(ABS('LCIA (Annex 1)'!C81:C91))) -> 0 | W113: =IF(SUMPRODUCT(ABS('LCIA (Annex 1)'!C96:C106))=0,0,('LCIA (Annex 1)'!C100)/SUMPRODUCT(ABS('LCIA (Annex 1)'!C96:C106))) -> 0
P114: Energy consumption | Q114: =IF(SUMPRODUCT(ABS('LCIA (Annex 1)'!C6:C16))=0,0,('LCIA (Annex 1)'!C7)/SUMPRODUCT(ABS('LCIA (Annex 1)'!C6:C16))) -> 0.11777302 | R114: =IF(SUMPRODUCT(ABS('LCIA (Annex 1)'!C21:C31))=0,0,('LCIA (Annex 1)'!C22)/SUMPRODUCT(ABS('LCIA (Annex 1)'!C21:C31))) -> 0.50732292 | S114: =IF(SUMPRODUCT(ABS('LCIA (Annex 1)'!C36:C46))=0,0,('LCIA (Annex 1)'!C37)/SUMPRODUCT(ABS('LCIA (Annex 1)'!C36:C46))) -> 0 | T114: =IF(SUMPRODUCT(ABS('LCIA (Annex 1)'!C51:C61))=0,0,('LCIA (Annex 1)'!C52)/SUMPRODUCT(ABS('LCIA (Annex 1)'!C51:C61))) -> 0.047619048 | U114: =IF(SUMPRODUCT(ABS('LCIA (Annex 1)'!C66:C76))=0,0,('LCIA (Annex 1)'!C67)/SUMPRODUCT(ABS('LCIA (Annex 1)'!C66:C76))) -> 0.038461538 | V114: =IF(SUMPRODUCT(ABS('LCIA (Annex 1)'!C81:C91))=0,0,('LCIA (Annex 1)'!C82)/SUMPRODUCT(ABS('LCIA (Annex 1)'!C81:C91))) -> 0.0027155465 | W114: =IF(SUMPRODUCT(ABS('LCIA (Annex 1)'!C96:C106))=0,0,('LCIA (Annex 1)'!C97)/SUMPRODUCT(ABS('LCIA (Annex 1)'!C96:C106))) -> 0.00023193218
P115: Transports | Q115: =IF(SUMPRODUCT(ABS('LCIA (Annex 1)'!C6:C16))=0,0,('LCIA (Annex 1)'!C15)/SUMPRODUCT(ABS('LCIA (Annex 1)'!C6:C16))) -> 0.11598858 | R115: =IF(SUMPRODUCT(ABS('LCIA (Annex 1)'!C21:C31))=0,0,('LCIA (Annex 1)'!C30)/SUMPRODUCT(ABS('LCIA (Annex 1)'!C21:C31))) -> 0.0608357 | S115: =IF(SUMPRODUCT(ABS('LCIA (Annex 1)'!C36:C46))=0,0,('LCIA (Annex 1)'!C45)/SUMPRODUCT(ABS('LCIA (Annex 1)'!C36:C46))) -> 0 | T115: =IF(SUMPRODUCT(ABS('LCIA (Annex 1)'!C51:C61))=0,0,('LCIA (Annex 1)'!C60)/SUMPRODUCT(ABS('LCIA (Annex 1)'!C51:C61))) -> 0.047619048 | U115: =IF(SUMPRODUCT(ABS('LCIA (Annex 1)'!C66:C76))=0,0,('LCIA (Annex 1)'!C75)/SUMPRODUCT(ABS('LCIA (Annex 1)'!C66:C76))) -> 0 | V115: =IF(SUMPRODUCT(ABS('LCIA (Annex 1)'!C81:C91))=0,0,('LCIA (Annex 1)'!C90)/SUMPRODUCT(ABS('LCIA (Annex 1)'!C81:C91))) -> 0.0013577733 | W115: =IF(SUMPRODUCT(ABS('LCIA (Annex 1)'!C96:C106))=0,0,('LCIA (Annex 1)'!C105)/SUMPRODUCT(ABS('LCIA (Annex 1)'!C96:C106))) -> 1.8310435e-05
P116: Equipment | Q116: =IF(SUMPRODUCT(ABS('LCIA (Annex 1)'!C6:C16))=0,0,('LCIA (Annex 1)'!C12)/SUMPRODUCT(ABS('LCIA (Annex 1)'!C6:C16))) -> 0.13775874 | R116: =IF(SUMPRODUCT(ABS('LCIA (Annex 1)'!C21:C31))=0,0,('LCIA (Annex 1)'!C27)/SUMPRODUCT(ABS('LCIA (Annex 1)'!C21:C31))) -> 0.15558983 | S116: =IF(SUMPRODUCT(ABS('LCIA (Annex 1)'!C36:C46))=0,0,('LCIA (Annex 1)'!C42)/SUMPRODUCT(ABS('LCIA (Annex 1)'!C36:C46))) -> 0 | T116: =IF(SUMPRODUCT(ABS('LCIA (Annex 1)'!C51:C61))=0,0,('LCIA (Annex 1)'!C57)/SUMPRODUCT(ABS('LCIA (Annex 1)'!C51:C61))) -> 0.071428571 | U116: =IF(SUMPRODUCT(ABS('LCIA (Annex 1)'!C66:C76))=0,0,('LCIA (Annex 1)'!C72)/SUMPRODUCT(ABS('LCIA (Annex 1)'!C66:C76))) -> 0.038461538 | V116: =IF(SUMPRODUCT(ABS('LCIA (Annex 1)'!C81:C91))=0,0,('LCIA (Annex 1)'!C87)/SUMPRODUCT(ABS('LCIA (Annex 1)'!C81:C91))) -> 0.0020366599 | W116: =IF(SUMPRODUCT(ABS('LCIA (Annex 1)'!C96:C106))=0,0,('LCIA (Annex 1)'!C102)/SUMPRODUCT(ABS('LCIA (Annex 1)'!C96:C106))) -> 3.662087e-05
P117: Direct activity (farm area, water mgmt.) | Q117: =IF(SUMPRODUCT(ABS('LCIA (Annex 1)'!C6:C16))=0,0,('LCIA (Annex 1)'!C16)/SUMPRODUCT(ABS('LCIA (Annex 1)'!C6:C16))) -> 0 | R117: =IF(SUMPRODUCT(ABS('LCIA (Annex 1)'!C21:C31))=0,0,('LCIA (Annex 1)'!C31)/SUMPRODUCT(ABS('LCIA (Annex 1)'!C21:C31))) -> 0 | S117: =IF(SUMPRODUCT(ABS('LCIA (Annex 1)'!C36:C46))=0,0,('LCIA (Annex 1)'!C46)/SUMPRODUCT(ABS('LCIA (Annex 1)'!C36:C46))) -> 0 | T117: =IF(SUMPRODUCT(ABS('LCIA (Annex 1)'!C51:C61))=0,0,('LCIA (Annex 1)'!C61)/SUMPRODUCT(ABS('LCIA (Annex 1)'!C51:C61))) -> 0 | U117: =IF(SUMPRODUCT(ABS('LCIA (Annex 1)'!C66:C76))=0,0,('LCIA (Annex 1)'!C76)/SUMPRODUCT(ABS('LCIA (Annex 1)'!C66:C76))) -> 0 | V117: =IF(SUMPRODUCT(ABS('LCIA (Annex 1)'!C81:C91))=0,0,('LCIA (Annex 1)'!C91)/SUMPRODUCT(ABS('LCIA (Annex 1)'!C81:C91))) -> 0.31941616 | W117: =IF(SUMPRODUCT(ABS('LCIA (Annex 1)'!C96:C106))=0,0,('LCIA (Annex 1)'!C106)/SUMPRODUCT(ABS('LCIA (Annex 1)'!C96:C106))) -> 0.49643252
P118: Water consumption | Q118: =IF(SUMPRODUCT(ABS('LCIA (Annex 1)'!C6:C16))=0,0,('LCIA (Annex 1)'!C8)/SUMPRODUCT(ABS('LCIA (Annex 1)'!C6:C16))) -> 0 | R118: =IF(SUMPRODUCT(ABS('LCIA (Annex 1)'!C21:C31))=0,0,('LCIA (Annex 1)'!C23)/SUMPRODUCT(ABS('LCIA (Annex 1)'!C21:C31))) -> 0 | S118: =IF(SUMPRODUCT(ABS('LCIA (Annex 1)'!C36:C46))=0,0,('LCIA (Annex 1)'!C38)/SUMPRODUCT(ABS('LCIA (Annex 1)'!C36:C46))) -> 0 | T118: =IF(SUMPRODUCT(ABS('LCIA (Annex 1)'!C51:C61))=0,0,('LCIA (Annex 1)'!C53)/SUMPRODUCT(ABS('LCIA (Annex 1)'!C51:C61))) -> 0 | U118: =IF(SUMPRODUCT(ABS('LCIA (Annex 1)'!C66:C76))=0,0,('LCIA (Annex 1)'!C68)/SUMPRODUCT(ABS('LCIA (Annex 1)'!C66:C76))) -> 0 | V118: =IF(SUMPRODUCT(ABS('LCIA (Annex 1)'!C81:C91))=0,0,('LCIA (Annex 1)'!C83)/SUMPRODUCT(ABS('LCIA (Annex 1)'!C81:C91))) -> 0 | W118: =IF(SUMPRODUCT(ABS('LCIA (Annex 1)'!C96:C106))=0,0,('LCIA (Annex 1)'!C98)/SUMPRODUCT(ABS('LCIA (Annex 1)'!C96:C106))) -> 0.50207823
P119: Other (buildings, vehicles, chemicals, fry) | Q119: =IF(SUMPRODUCT(ABS('LCIA (Annex 1)'!C6:C16))=0,0,('LCIA (Annex 1)'!C6+'LCIA (Annex 1)'!C9+'LCIA (Annex 1)'!C11+'LCIA (Annex 1)'!C13)/SUMPRODUCT(ABS('LCIA (Annex 1)'!C6:C16))) -> 0.075660243 | R119: =IF(SUMPRODUCT(ABS('LCIA (Annex 1)'!C21:C31))=0,0,('LCIA (Annex 1)'!C21+'LCIA (Annex 1)'!C24+'LCIA (Annex 1)'!C26+'LCIA (Annex 1)'!C28)/SUMPRODUCT(ABS('LCIA (Annex 1)'!C21:C31))) -> 0.042938931 | S119: =IF(SUMPRODUCT(ABS('LCIA (Annex 1)'!C36:C46))=0,0,('LCIA (Annex 1)'!C36+'LCIA (Annex 1)'!C39+'LCIA (Annex 1)'!C41+'LCIA (Annex 1)'!C43)/SUMPRODUCT(ABS('LCIA (Annex 1)'!C36:C46))) -> 0.0052490933 | T119: =IF(SUMPRODUCT(ABS('LCIA (Annex 1)'!C51:C61))=0,0,('LCIA (Annex 1)'!C51+'LCIA (Annex 1)'!C54+'LCIA (Annex 1)'!C56+'LCIA (Annex 1)'!C58)/SUMPRODUCT(ABS('LCIA (Annex 1)'!C51:C61))) -> 0.047619048 | U119: =IF(SUMPRODUCT(ABS('LCIA (Annex 1)'!C66:C76))=0,0,('LCIA (Annex 1)'!C66+'LCIA (Annex 1)'!C69+'LCIA (Annex 1)'!C71+'LCIA (Annex 1)'!C73)/SUMPRODUCT(ABS('LCIA (Annex 1)'!C66:C76))) -> 0 | V119: =IF(SUMPRODUCT(ABS('LCIA (Annex 1)'!C81:C91))=0,0,('LCIA (Annex 1)'!C81+'LCIA (Annex 1)'!C84+'LCIA (Annex 1)'!C86+'LCIA (Annex 1)'!C88)/SUMPRODUCT(ABS('LCIA (Annex 1)'!C81:C91))) -> 0.015274949 | W119: =IF(SUMPRODUCT(ABS('LCIA (Annex 1)'!C96:C106))=0,0,('LCIA (Annex 1)'!C96+'LCIA (Annex 1)'!C99+'LCIA (Annex 1)'!C101+'LCIA (Annex 1)'!C103)/SUMPRODUCT(ABS('LCIA (Annex 1)'!C96:C106))) -> 0.00091552176
P121: Data: share of each impact per process - Semi-extensive pond IMTA
P122: Process group | Q122: GW | R122: TCED | S122: NPPU | T122: AP | U122: EP | V122: LC | W122: WD
P123: Feeds | Q123: =IF(SUMPRODUCT(ABS('LCIA (Annex 1)'!D6:D16))=0,0,('LCIA (Annex 1)'!D14)/SUMPRODUCT(ABS('LCIA (Annex 1)'!D6:D16))) -> 0.58452951 | R123: =IF(SUMPRODUCT(ABS('LCIA (Annex 1)'!D21:D31))=0,0,('LCIA (Annex 1)'!D29)/SUMPRODUCT(ABS('LCIA (Annex 1)'!D21:D31))) -> 0.41367754 | S123: =IF(SUMPRODUCT(ABS('LCIA (Annex 1)'!D36:D46))=0,0,('LCIA (Annex 1)'!D44)/SUMPRODUCT(ABS('LCIA (Annex 1)'!D36:D46))) -> 0.99159473 | T123: =IF(SUMPRODUCT(ABS('LCIA (Annex 1)'!D51:D61))=0,0,('LCIA (Annex 1)'!D59)/SUMPRODUCT(ABS('LCIA (Annex 1)'!D51:D61))) -> 0.6 | U123: =IF(SUMPRODUCT(ABS('LCIA (Annex 1)'!D66:D76))=0,0,('LCIA (Annex 1)'!D74)/SUMPRODUCT(ABS('LCIA (Annex 1)'!D66:D76))) -> 0.75 | V123: =IF(SUMPRODUCT(ABS('LCIA (Annex 1)'!D81:D91))=0,0,('LCIA (Annex 1)'!D89)/SUMPRODUCT(ABS('LCIA (Annex 1)'!D81:D91))) -> 0.13513514 | W123: =IF(SUMPRODUCT(ABS('LCIA (Annex 1)'!D96:D106))=0,0,('LCIA (Annex 1)'!D104)/SUMPRODUCT(ABS('LCIA (Annex 1)'!D96:D106))) -> 0.00012101096
P124: Rejects fish (uneaten feed, excretion) | Q124: =IF(SUMPRODUCT(ABS('LCIA (Annex 1)'!D6:D16))=0,0,('LCIA (Annex 1)'!D10)/SUMPRODUCT(ABS('LCIA (Annex 1)'!D6:D16))) -> 0 | R124: =IF(SUMPRODUCT(ABS('LCIA (Annex 1)'!D21:D31))=0,0,('LCIA (Annex 1)'!D25)/SUMPRODUCT(ABS('LCIA (Annex 1)'!D21:D31))) -> 0 | S124: =IF(SUMPRODUCT(ABS('LCIA (Annex 1)'!D36:D46))=0,0,('LCIA (Annex 1)'!D40)/SUMPRODUCT(ABS('LCIA (Annex 1)'!D36:D46))) -> 0 | T124: =IF(SUMPRODUCT(ABS('LCIA (Annex 1)'!D51:D61))=0,0,('LCIA (Annex 1)'!D55)/SUMPRODUCT(ABS('LCIA (Annex 1)'!D51:D61))) -> 0 | U124: =IF(SUMPRODUCT(ABS('LCIA (Annex 1)'!D66:D76))=0,0,('LCIA (Annex 1)'!D70)/SUMPRODUCT(ABS('LCIA (Annex 1)'!D66:D76))) -> -0.25 | V124: =IF(SUMPRODUCT(ABS('LCIA (Annex 1)'!D81:D91))=0,0,('LCIA (Annex 1)'!D85)/SUMPRODUCT(ABS('LCIA (Annex 1)'!D81:D91))) -> 0 | W124: =IF(SUMPRODUCT(ABS('LCIA (Annex 1)'!D96:D106))=0,0,('LCIA (Annex 1)'!D100)/SUMPRODUCT(ABS('LCIA (Annex 1)'!D96:D106))) -> 0
P125: Energy consumption | Q125: =IF(SUMPRODUCT(ABS('LCIA (Annex 1)'!D6:D16))=0,0,('LCIA (Annex 1)'!D7)/SUMPRODUCT(ABS('LCIA (Annex 1)'!D6:D16))) -> 0.004784689 | R125: =IF(SUMPRODUCT(ABS('LCIA (Annex 1)'!D21:D31))=0,0,('LCIA (Annex 1)'!D22)/SUMPRODUCT(ABS('LCIA (Annex 1)'!D21:D31))) -> 0.0042938681 | S125: =IF(SUMPRODUCT(ABS('LCIA (Annex 1)'!D36:D46))=0,0,('LCIA (Annex 1)'!D37)/SUMPRODUCT(ABS('LCIA (Annex 1)'!D36:D46))) -> 0 | T125: =IF(SUMPRODUCT(ABS('LCIA (Annex 1)'!D51:D61))=0,0,('LCIA (Annex 1)'!D52)/SUMPRODUCT(ABS('LCIA (Annex 1)'!D51:D61))) -> 0 | U125: =IF(SUMPRODUCT(ABS('LCIA (Annex 1)'!D66:D76))=0,0,('LCIA (Annex 1)'!D67)/SUMPRODUCT(ABS('LCIA (Annex 1)'!D66:D76))) -> 0 | V125: =IF(SUMPRODUCT(ABS('LCIA (Annex 1)'!D81:D91))=0,0,('LCIA (Annex 1)'!D82)/SUMPRODUCT(ABS('LCIA (Annex 1)'!D81:D91))) -> 0 | W125: =IF(SUMPRODUCT(ABS('LCIA (Annex 1)'!D96:D106))=0,0,('LCIA (Annex 1)'!D97)/SUMPRODUCT(ABS('LCIA (Annex 1)'!D96:D106))) -> 0
P126: Transports | Q126: =IF(SUMPRODUCT(ABS('LCIA (Annex 1)'!D6:D16))=0,0,('LCIA (Annex 1)'!D15)/SUMPRODUCT(ABS('LCIA (Annex 1)'!D6:D16))) -> 0.16586922 | R126: =IF(SUMPRODUCT(ABS('LCIA (Annex 1)'!D21:D31))=0,0,('LCIA (Annex 1)'!D30)/SUMPRODUCT(ABS('LCIA (Annex 1)'!D21:D31))) -> 0.18311777 | S126: =IF(SUMPRODUCT(ABS('LCIA (Annex 1)'!D36:D46))=0,0,('LCIA (Annex 1)'!D45)/SUMPRODUCT(ABS('LCIA (Annex 1)'!D36:D46))) -> 0 | T126: =IF(SUMPRODUCT(ABS('LCIA (Annex 1)'!D51:D61))=0,0,('LCIA (Annex 1)'!D60)/SUMPRODUCT(ABS('LCIA (Annex 1)'!D51:D61))) -> 0.2 | U126: =IF(SUMPRODUCT(ABS('LCIA (Annex 1)'!D66:D76))=0,0,('LCIA (Annex 1)'!D75)/SUMPRODUCT(ABS('LCIA (Annex 1)'!D66:D76))) -> 0 | V126: =IF(SUMPRODUCT(ABS('LCIA (Annex 1)'!D81:D91))=0,0,('LCIA (Annex 1)'!D90)/SUMPRODUCT(ABS('LCIA (Annex 1)'!D81:D91))) -> 0.00061425061 | W126: =IF(SUMPRODUCT(ABS('LCIA (Annex 1)'!D96:D106))=0,0,('LCIA (Annex 1)'!D105)/SUMPRODUCT(ABS('LCIA (Annex 1)'!D96:D106))) -> 1.728728e-05
P127: Equipment | Q127: =IF(SUMPRODUCT(ABS('LCIA (Annex 1)'!D6:D16))=0,0,('LCIA (Annex 1)'!D12)/SUMPRODUCT(ABS('LCIA (Annex 1)'!D6:D16))) -> 0.18181818 | R127: =IF(SUMPRODUCT(ABS('LCIA (Annex 1)'!D21:D31))=0,0,('LCIA (Annex 1)'!D27)/SUMPRODUCT(ABS('LCIA (Annex 1)'!D21:D31))) -> 0.32717181 | S127: =IF(SUMPRODUCT(ABS('LCIA (Annex 1)'!D36:D46))=0,0,('LCIA (Annex 1)'!D42)/SUMPRODUCT(ABS('LCIA (Annex 1)'!D36:D46))) -> 0 | T127: =IF(SUMPRODUCT(ABS('LCIA (Annex 1)'!D51:D61))=0,0,('LCIA (Annex 1)'!D57)/SUMPRODUCT(ABS('LCIA (Annex 1)'!D51:D61))) -> 0.2 | U127: =IF(SUMPRODUCT(ABS('LCIA (Annex 1)'!D66:D76))=0,0,('LCIA (Annex 1)'!D72)/SUMPRODUCT(ABS('LCIA (Annex 1)'!D66:D76))) -> 0 | V127: =IF(SUMPRODUCT(ABS('LCIA (Annex 1)'!D81:D91))=0,0,('LCIA (Annex 1)'!D87)/SUMPRODUCT(ABS('LCIA (Annex 1)'!D81:D91))) -> 0 | W127: =IF(SUMPRODUCT(ABS('LCIA (Annex 1)'!D96:D106))=0,0,('LCIA (Annex 1)'!D102)/SUMPRODUCT(ABS('LCIA (Annex 1)'!D96:D106))) -> 4.32182e-05
P128: Direct activity (farm area, water mgmt.) | Q128: =IF(SUMPRODUCT(ABS('LCIA (Annex 1)'!D6:D16))=0,0,('LCIA (Annex 1)'!D16)/SUMPRODUCT(ABS('LCIA (Annex 1)'!D6:D16))) -> 0 | R128: =IF(SUMPRODUCT(ABS('LCIA (Annex 1)'!D21:D31))=0,0,('LCIA (Annex 1)'!D31)/SUMPRODUCT(ABS('LCIA (Annex 1)'!D21:D31))) -> 0 | S128: =IF(SUMPRODUCT(ABS('LCIA (Annex 1)'!D36:D46))=0,0,('LCIA (Annex 1)'!D46)/SUMPRODUCT(ABS('LCIA (Annex 1)'!D36:D46))) -> 0 | T128: =IF(SUMPRODUCT(ABS('LCIA (Annex 1)'!D51:D61))=0,0,('LCIA (Annex 1)'!D61)/SUMPRODUCT(ABS('LCIA (Annex 1)'!D51:D61))) -> 0 | U128: =IF(SUMPRODUCT(ABS('LCIA (Annex 1)'!D66:D76))=0,0,('LCIA (Annex 1)'!D76)/SUMPRODUCT(ABS('LCIA (Annex 1)'!D66:D76))) -> 0 | V128: =IF(SUMPRODUCT(ABS('LCIA (Annex 1)'!D81:D91))=0,0,('LCIA (Annex 1)'!D91)/SUMPRODUCT(ABS('LCIA (Annex 1)'!D81:D91))) -> 0.85872236 | W128: =IF(SUMPRODUCT(ABS('LCIA (Annex 1)'!D96:D106))=0,0,('LCIA (Annex 1)'!D106)/SUMPRODUCT(ABS('LCIA (Annex 1)'!D96:D106))) -> 0.60762196
P129: Water consumption | Q129: =IF(SUMPRODUCT(ABS('LCIA (Annex 1)'!D6:D16))=0,0,('LCIA (Annex 1)'!D8)/SUMPRODUCT(ABS('LCIA (Annex 1)'!D6:D16))) -> 0 | R129: =IF(SUMPRODUCT(ABS('LCIA (Annex 1)'!D21:D31))=0,0,('LCIA (Annex 1)'!D23)/SUMPRODUCT(ABS('LCIA (Annex 1)'!D21:D31))) -> 0 | S129: =IF(SUMPRODUCT(ABS('LCIA (Annex 1)'!D36:D46))=0,0,('LCIA (Annex 1)'!D38)/SUMPRODUCT(ABS('LCIA (Annex 1)'!D36:D46))) -> 0 | T129: =IF(SUMPRODUCT(ABS('LCIA (Annex 1)'!D51:D61))=0,0,('LCIA (Annex 1)'!D53)/SUMPRODUCT(ABS('LCIA (Annex 1)'!D51:D61))) -> 0 | U129: =IF(SUMPRODUCT(ABS('LCIA (Annex 1)'!D66:D76))=0,0,('LCIA (Annex 1)'!D68)/SUMPRODUCT(ABS('LCIA (Annex 1)'!D66:D76))) -> 0 | V129: =IF(SUMPRODUCT(ABS('LCIA (Annex 1)'!D81:D91))=0,0,('LCIA (Annex 1)'!D83)/SUMPRODUCT(ABS('LCIA (Annex 1)'!D81:D91))) -> 0 | W129: =IF(SUMPRODUCT(ABS('LCIA (Annex 1)'!D96:D106))=0,0,('LCIA (Annex 1)'!D98)/SUMPRODUCT(ABS('LCIA (Annex 1)'!D96:D106))) -> 0.39132351
P130: Other (buildings, vehicles, chemicals, fry) | Q130: =IF(SUMPRODUCT(ABS('LCIA (Annex 1)'!D6:D16))=0,0,('LCIA (Annex 1)'!D6+'LCIA (Annex 1)'!D9+'LCIA (Annex 1)'!D11+'LCIA (Annex 1)'!D13)/SUMPRODUCT(ABS('LCIA (Annex 1)'!D6:D16))) -> 0.062998405 | R130: =IF(SUMPRODUCT(ABS('LCIA (Annex 1)'!D21:D31))=0,0,('LCIA (Annex 1)'!D21+'LCIA (Annex 1)'!D24+'LCIA (Annex 1)'!D26+'LCIA (Annex 1)'!D28)/SUMPRODUCT(ABS('LCIA (Annex 1)'!D21:D31))) -> 0.071739017 | S130: =IF(SUMPRODUCT(ABS('LCIA (Annex 1)'!D36:D46))=0,0,('LCIA (Annex 1)'!D36+'LCIA (Annex 1)'!D39+'LCIA (Annex 1)'!D41+'LCIA (Annex 1)'!D43)/SUMPRODUCT(ABS('LCIA (Annex 1)'!D36:D46))) -> 0.0084052703 | T130: =IF(SUMPRODUCT(ABS('LCIA (Annex 1)'!D51:D61))=0,0,('LCIA (Annex 1)'!D51+'LCIA (Annex 1)'!D54+'LCIA (Annex 1)'!D56+'LCIA (Annex 1)'!D58)/SUMPRODUCT(ABS('LCIA (Annex 1)'!D51:D61))) -> 0 | U130: =IF(SUMPRODUCT(ABS('LCIA (Annex 1)'!D66:D76))=0,0,('LCIA (Annex 1)'!D66+'LCIA (Annex 1)'!D69+'LCIA (Annex 1)'!D71+'LCIA (Annex 1)'!D73)/SUMPRODUCT(ABS('LCIA (Annex 1)'!D66:D76))) -> 0 | V130: =IF(SUMPRODUCT(ABS('LCIA (Annex 1)'!D81:D91))=0,0,('LCIA (Annex 1)'!D81+'LCIA (Annex 1)'!D84+'LCIA (Annex 1)'!D86+'LCIA (Annex 1)'!D88)/SUMPRODUCT(ABS('LCIA (Annex 1)'!D81:D91))) -> 0.0055282555 | W130: =IF(SUMPRODUCT(ABS('LCIA (Annex 1)'!D96:D106))=0,0,('LCIA (Annex 1)'!D96+'LCIA (Annex 1)'!D99+'LCIA (Annex 1)'!D101+'LCIA (Annex 1)'!D103)/SUMPRODUCT(ABS('LCIA (Annex 1)'!D96:D106))) -> 0.00087300764
P132: Data: share of each impact per process - Semi-intensive fish polyculture
P133: Process group | Q133: GW | R133: TCED | S133: NPPU | T133: AP | U133: EP | V133: LC | W133: WD
P134: Feeds | Q134: =IF(SUMPRODUCT(ABS('LCIA (Annex 1)'!E6:E16))=0,0,('LCIA (Annex 1)'!E14)/SUMPRODUCT(ABS('LCIA (Annex 1)'!E6:E16))) -> 0.66067019 | R134: =IF(SUMPRODUCT(ABS('LCIA (Annex 1)'!E21:E31))=0,0,('LCIA (Annex 1)'!E29)/SUMPRODUCT(ABS('LCIA (Annex 1)'!E21:E31))) -> 0.25210967 | S134: =IF(SUMPRODUCT(ABS('LCIA (Annex 1)'!E36:E46))=0,0,('LCIA (Annex 1)'!E44)/SUMPRODUCT(ABS('LCIA (Annex 1)'!E36:E46))) -> 0.99991908 | T134: =IF(SUMPRODUCT(ABS('LCIA (Annex 1)'!E51:E61))=0,0,('LCIA (Annex 1)'!E59)/SUMPRODUCT(ABS('LCIA (Annex 1)'!E51:E61))) -> 0.22727273 | U134: =IF(SUMPRODUCT(ABS('LCIA (Annex 1)'!E66:E76))=0,0,('LCIA (Annex 1)'!E74)/SUMPRODUCT(ABS('LCIA (Annex 1)'!E66:E76))) -> 0.13333333 | V134: =IF(SUMPRODUCT(ABS('LCIA (Annex 1)'!E81:E91))=0,0,('LCIA (Annex 1)'!E89)/SUMPRODUCT(ABS('LCIA (Annex 1)'!E81:E91))) -> 0.79806479 | W134: =IF(SUMPRODUCT(ABS('LCIA (Annex 1)'!E96:E106))=0,0,('LCIA (Annex 1)'!E104)/SUMPRODUCT(ABS('LCIA (Annex 1)'!E96:E106))) -> 0.00011195872
P135: Rejects fish (uneaten feed, excretion) | Q135: =IF(SUMPRODUCT(ABS('LCIA (Annex 1)'!E6:E16))=0,0,('LCIA (Annex 1)'!E10)/SUMPRODUCT(ABS('LCIA (Annex 1)'!E6:E16))) -> 0 | R135: =IF(SUMPRODUCT(ABS('LCIA (Annex 1)'!E21:E31))=0,0,('LCIA (Annex 1)'!E25)/SUMPRODUCT(ABS('LCIA (Annex 1)'!E21:E31))) -> 0 | S135: =IF(SUMPRODUCT(ABS('LCIA (Annex 1)'!E36:E46))=0,0,('LCIA (Annex 1)'!E40)/SUMPRODUCT(ABS('LCIA (Annex 1)'!E36:E46))) -> 0 | T135: =IF(SUMPRODUCT(ABS('LCIA (Annex 1)'!E51:E61))=0,0,('LCIA (Annex 1)'!E55)/SUMPRODUCT(ABS('LCIA (Annex 1)'!E51:E61))) -> 0.65909091 | U135: =IF(SUMPRODUCT(ABS('LCIA (Annex 1)'!E66:E76))=0,0,('LCIA (Annex 1)'!E70)/SUMPRODUCT(ABS('LCIA (Annex 1)'!E66:E76))) -> 0.85 | V135: =IF(SUMPRODUCT(ABS('LCIA (Annex 1)'!E81:E91))=0,0,('LCIA (Annex 1)'!E85)/SUMPRODUCT(ABS('LCIA (Annex 1)'!E81:E91))) -> 0 | W135: =IF(SUMPRODUCT(ABS('LCIA (Annex 1)'!E96:E106))=0,0,('LCIA (Annex 1)'!E100)/SUMPRODUCT(ABS('LCIA (Annex 1)'!E96:E106))) -> 0
P136: Energy consumption | Q136: =IF(SUMPRODUCT(ABS('LCIA (Annex 1)'!E6:E16))=0,0,('LCIA (Annex 1)'!E7)/SUMPRODUCT(ABS('LCIA (Annex 1)'!E6:E16))) -> 0.16719577 | R136: =IF(SUMPRODUCT(ABS('LCIA (Annex 1)'!E21:E31))=0,0,('LCIA (Annex 1)'!E22)/SUMPRODUCT(ABS('LCIA (Annex 1)'!E21:E31))) -> 0.65791766 | S136: =IF(SUMPRODUCT(ABS('LCIA (Annex 1)'!E36:E46))=0,0,('LCIA (Annex 1)'!E37)/SUMPRODUCT(ABS('LCIA (Annex 1)'!E36:E46))) -> 0 | T136: =IF(SUMPRODUCT(ABS('LCIA (Annex 1)'!E51:E61))=0,0,('LCIA (Annex 1)'!E52)/SUMPRODUCT(ABS('LCIA (Annex 1)'!E51:E61))) -> 0.068181818 | U136: =IF(SUMPRODUCT(ABS('LCIA (Annex 1)'!E66:E76))=0,0,('LCIA (Annex 1)'!E67)/SUMPRODUCT(ABS('LCIA (Annex 1)'!E66:E76))) -> 0.016666667 | V136: =IF(SUMPRODUCT(ABS('LCIA (Annex 1)'!E81:E91))=0,0,('LCIA (Annex 1)'!E82)/SUMPRODUCT(ABS('LCIA (Annex 1)'!E81:E91))) -> 0.0050483803 | W136: =IF(SUMPRODUCT(ABS('LCIA (Annex 1)'!E96:E106))=0,0,('LCIA (Annex 1)'!E97)/SUMPRODUCT(ABS('LCIA (Annex 1)'!E96:E106))) -> 0.00013740388
P137: Transports | Q137: =IF(SUMPRODUCT(ABS('LCIA (Annex 1)'!E6:E16))=0,0,('LCIA (Annex 1)'!E15)/SUMPRODUCT(ABS('LCIA (Annex 1)'!E6:E16))) -> 0.13368607 | R137: =IF(SUMPRODUCT(ABS('LCIA (Annex 1)'!E21:E31))=0,0,('LCIA (Annex 1)'!E30)/SUMPRODUCT(ABS('LCIA (Annex 1)'!E21:E31))) -> 0.064156081 | S137: =IF(SUMPRODUCT(ABS('LCIA (Annex 1)'!E36:E46))=0,0,('LCIA (Annex 1)'!E45)/SUMPRODUCT(ABS('LCIA (Annex 1)'!E36:E46))) -> 0 | T137: =IF(SUMPRODUCT(ABS('LCIA (Annex 1)'!E51:E61))=0,0,('LCIA (Annex 1)'!E60)/SUMPRODUCT(ABS('LCIA (Annex 1)'!E51:E61))) -> 0.045454545 | U137: =IF(SUMPRODUCT(ABS('LCIA (Annex 1)'!E66:E76))=0,0,('LCIA (Annex 1)'!E75)/SUMPRODUCT(ABS('LCIA (Annex 1)'!E66:E76))) -> 0 | V137: =IF(SUMPRODUCT(ABS('LCIA (Annex 1)'!E81:E91))=0,0,('LCIA (Annex 1)'!E90)/SUMPRODUCT(ABS('LCIA (Annex 1)'!E81:E91))) -> 0.0021034918 | W137: =IF(SUMPRODUCT(ABS('LCIA (Annex 1)'!E96:E106))=0,0,('LCIA (Annex 1)'!E105)/SUMPRODUCT(ABS('LCIA (Annex 1)'!E96:E106))) -> 7.6335489e-06
P138: Equipment | Q138: =IF(SUMPRODUCT(ABS('LCIA (Annex 1)'!E6:E16))=0,0,('LCIA (Annex 1)'!E12)/SUMPRODUCT(ABS('LCIA (Annex 1)'!E6:E16))) -> 0.0052910053 | R138: =IF(SUMPRODUCT(ABS('LCIA (Annex 1)'!E21:E31))=0,0,('LCIA (Annex 1)'!E27)/SUMPRODUCT(ABS('LCIA (Annex 1)'!E21:E31))) -> 0.0055557224 | S138: =IF(SUMPRODUCT(ABS('LCIA (Annex 1)'!E36:E46))=0,0,('LCIA (Annex 1)'!E42)/SUMPRODUCT(ABS('LCIA (Annex 1)'!E36:E46))) -> 0 | T138: =IF(SUMPRODUCT(ABS('LCIA (Annex 1)'!E51:E61))=0,0,('LCIA (Annex 1)'!E57)/SUMPRODUCT(ABS('LCIA (Annex 1)'!E51:E61))) -> 0 | U138: =IF(SUMPRODUCT(ABS('LCIA (Annex 1)'!E66:E76))=0,0,('LCIA (Annex 1)'!E72)/SUMPRODUCT(ABS('LCIA (Annex 1)'!E66:E76))) -> 0 | V138: =IF(SUMPRODUCT(ABS('LCIA (Annex 1)'!E81:E91))=0,0,('LCIA (Annex 1)'!E87)/SUMPRODUCT(ABS('LCIA (Annex 1)'!E81:E91))) -> 0 | W138: =IF(SUMPRODUCT(ABS('LCIA (Annex 1)'!E96:E106))=0,0,('LCIA (Annex 1)'!E102)/SUMPRODUCT(ABS('LCIA (Annex 1)'!E96:E106))) -> 0
P139: Direct activity (farm area, water mgmt.) | Q139: =IF(SUMPRODUCT(ABS('LCIA (Annex 1)'!E6:E16))=0,0,('LCIA (Annex 1)'!E16)/SUMPRODUCT(ABS('LCIA (Annex 1)'!E6:E16))) -> 0 | R139: =IF(SUMPRODUCT(ABS('LCIA (Annex 1)'!E21:E31))=0,0,('LCIA (Annex 1)'!E31)/SUMPRODUCT(ABS('LCIA (Annex 1)'!E21:E31))) -> 0 | S139: =IF(SUMPRODUCT(ABS('LCIA (Annex 1)'!E36:E46))=0,0,('LCIA (Annex 1)'!E46)/SUMPRODUCT(ABS('LCIA (Annex 1)'!E36:E46))) -> 0 | T139: =IF(SUMPRODUCT(ABS('LCIA (Annex 1)'!E51:E61))=0,0,('LCIA (Annex 1)'!E61)/SUMPRODUCT(ABS('LCIA (Annex 1)'!E51:E61))) -> 0 | U139: =IF(SUMPRODUCT(ABS('LCIA (Annex 1)'!E66:E76))=0,0,('LCIA (Annex 1)'!E76)/SUMPRODUCT(ABS('LCIA (Annex 1)'!E66:E76))) -> 0 | V139: =IF(SUMPRODUCT(ABS('LCIA (Annex 1)'!E81:E91))=0,0,('LCIA (Annex 1)'!E91)/SUMPRODUCT(ABS('LCIA (Annex 1)'!E81:E91))) -> 0.19352125 | W139: =IF(SUMPRODUCT(ABS('LCIA (Annex 1)'!E96:E106))=0,0,('LCIA (Annex 1)'!E106)/SUMPRODUCT(ABS('LCIA (Annex 1)'!E96:E106))) -> 0.5014402
P140: Water consumption | Q140: =IF(SUMPRODUCT(ABS('LCIA (Annex 1)'!E6:E16))=0,0,('LCIA (Annex 1)'!E8)/SUMPRODUCT(ABS('LCIA (Annex 1)'!E6:E16))) -> 0 | R140: =IF(SUMPRODUCT(ABS('LCIA (Annex 1)'!E21:E31))=0,0,('LCIA (Annex 1)'!E23)/SUMPRODUCT(ABS('LCIA (Annex 1)'!E21:E31))) -> 0 | S140: =IF(SUMPRODUCT(ABS('LCIA (Annex 1)'!E36:E46))=0,0,('LCIA (Annex 1)'!E38)/SUMPRODUCT(ABS('LCIA (Annex 1)'!E36:E46))) -> 0 | T140: =IF(SUMPRODUCT(ABS('LCIA (Annex 1)'!E51:E61))=0,0,('LCIA (Annex 1)'!E53)/SUMPRODUCT(ABS('LCIA (Annex 1)'!E51:E61))) -> 0 | U140: =IF(SUMPRODUCT(ABS('LCIA (Annex 1)'!E66:E76))=0,0,('LCIA (Annex 1)'!E68)/SUMPRODUCT(ABS('LCIA (Annex 1)'!E66:E76))) -> 0 | V140: =IF(SUMPRODUCT(ABS('LCIA (Annex 1)'!E81:E91))=0,0,('LCIA (Annex 1)'!E83)/SUMPRODUCT(ABS('LCIA (Annex 1)'!E81:E91))) -> 0 | W140: =IF(SUMPRODUCT(ABS('LCIA (Annex 1)'!E96:E106))=0,0,('LCIA (Annex 1)'!E98)/SUMPRODUCT(ABS('LCIA (Annex 1)'!E96:E106))) -> 0.49829009
P141: Other (buildings, vehicles, chemicals, fry) | Q141: =IF(SUMPRODUCT(ABS('LCIA (Annex 1)'!E6:E16))=0,0,('LCIA (Annex 1)'!E6+'LCIA (Annex 1)'!E9+'LCIA (Annex 1)'!E11+'LCIA (Annex 1)'!E13)/SUMPRODUCT(ABS('LCIA (Annex 1)'!E6:E16))) -> 0.033156966 | R141: =IF(SUMPRODUCT(ABS('LCIA (Annex 1)'!E21:E31))=0,0,('LCIA (Annex 1)'!E21+'LCIA (Annex 1)'!E24+'LCIA (Annex 1)'!E26+'LCIA (Annex 1)'!E28)/SUMPRODUCT(ABS('LCIA (Annex 1)'!E21:E31))) -> 0.020260869 | S141: =IF(SUMPRODUCT(ABS('LCIA (Annex 1)'!E36:E46))=0,0,('LCIA (Annex 1)'!E36+'LCIA (Annex 1)'!E39+'LCIA (Annex 1)'!E41+'LCIA (Annex 1)'!E43)/SUMPRODUCT(ABS('LCIA (Annex 1)'!E36:E46))) -> 8.0919243e-05 | T141: =IF(SUMPRODUCT(ABS('LCIA (Annex 1)'!E51:E61))=0,0,('LCIA (Annex 1)'!E51+'LCIA (Annex 1)'!E54+'LCIA (Annex 1)'!E56+'LCIA (Annex 1)'!E58)/SUMPRODUCT(ABS('LCIA (Annex 1)'!E51:E61))) -> 0 | U141: =IF(SUMPRODUCT(ABS('LCIA (Annex 1)'!E66:E76))=0,0,('LCIA (Annex 1)'!E66+'LCIA (Annex 1)'!E69+'LCIA (Annex 1)'!E71+'LCIA (Annex 1)'!E73)/SUMPRODUCT(ABS('LCIA (Annex 1)'!E66:E76))) -> 0 | V141: =IF(SUMPRODUCT(ABS('LCIA (Annex 1)'!E81:E91))=0,0,('LCIA (Annex 1)'!E81+'LCIA (Annex 1)'!E84+'LCIA (Annex 1)'!E86+'LCIA (Annex 1)'!E88)/SUMPRODUCT(ABS('LCIA (Annex 1)'!E81:E91))) -> 0.0012620951 | W141: =IF(SUMPRODUCT(ABS('LCIA (Annex 1)'!E96:E106))=0,0,('LCIA (Annex 1)'!E96+'LCIA (Annex 1)'!E99+'LCIA (Annex 1)'!E101+'LCIA (Annex 1)'!E103)/SUMPRODUCT(ABS('LCIA (Annex 1)'!E96:E106))) -> 1.2722582e-05
A146: 05_kpi_scorecard.png
P147: Data: KPI scorecard
P148: KPI | Q148: Target | R148: Value SI-IMTA | S148: Value SE-IMTA | T148: Value SI-POLY | U148: Met SI-IMTA | V148: Met SE-IMTA | W148: Met SI-POLY
P149: E1 Global warming (kg CO2-eq/t) | Q149: ='KPI framework'!F8 -> 2552.4 | R149: ='KPI framework'!G8 -> 2801 | S149: ='KPI framework'!H8 -> 1255 | T149: ='KPI framework'!I8 -> 2836 | U149: ='KPI framework'!J8 -> ✗ | V149: ='KPI framework'!K8 -> ✓ | W149: ='KPI framework'!L8 -> baseline
P150: E2 Cumulative energy demand (MJ-eq/t) | Q150: ='KPI framework'!F9 -> 89907.3 | R150: ='KPI framework'!G9 -> 90127 | S150: ='KPI framework'!H9 -> 19097 | T150: ='KPI framework'!I9 -> 99897 | U150: ='KPI framework'!J9 -> ✗ | V150: ='KPI framework'!K9 -> ✓ | W150: ='KPI framework'!L9 -> baseline
P151: E3 Net primary production use (kg C/t) | Q151: ='KPI framework'!F10 -> 11122.2 | R151: ='KPI framework'!G10 -> 10478 | S151: ='KPI framework'!H10 -> 4402 | T151: ='KPI framework'!I10 -> 12358 | U151: ='KPI framework'!J10 -> ✓ | V151: ='KPI framework'!K10 -> ✓ | W151: ='KPI framework'!L10 -> baseline
P152: E4 Acidification (kg SO2-eq/t) | Q152: ='KPI framework'!F11 -> 40.5 | R152: ='KPI framework'!G11 -> 42 | S152: ='KPI framework'!H11 -> 6 | T152: ='KPI framework'!I11 -> 45 | U152: ='KPI framework'!J11 -> ✗ | V152: ='KPI framework'!K11 -> ✓ | W152: ='KPI framework'!L11 -> baseline
P153: E5 Eutrophication (kg PO4-eq/t) | Q153: ='KPI framework'!F12 -> 54.9 | R153: ='KPI framework'!G12 -> 26 | S153: ='KPI framework'!H12 -> 2 | T153: ='KPI framework'!I12 -> 61 | U153: ='KPI framework'!J12 -> ✓ | V153: ='KPI framework'!K12 -> ✓ | W153: ='KPI framework'!L12 -> baseline
P154: E6 Land competition (m2a/t) | Q154: ='KPI framework'!F13 -> 2141.1 | R154: ='KPI framework'!G13 -> 2946 | S154: ='KPI framework'!H13 -> 4885 | T154: ='KPI framework'!I13 -> 2379 | U154: ='KPI framework'!J13 -> ✗ | V154: ='KPI framework'!K13 -> ✗ | W154: ='KPI framework'!L13 -> baseline
P155: E7 Water dependence (m3/t) | Q155: ='KPI framework'!F14 -> 353701.8 | R155: ='KPI framework'!G14 -> 163840 | S155: ='KPI framework'!H14 -> 115691 | T155: ='KPI framework'!I14 -> 393002 | U155: ='KPI framework'!J14 -> ✓ | V155: ='KPI framework'!K14 -> ✓ | W155: ='KPI framework'!L14 -> baseline
P156: C1 Nitrogen use efficiency (%) | Q156: ='KPI framework'!F15 -> 0.35 | R156: ='KPI framework'!G15 -> 0.46975888 | S156: ='KPI framework'!H15 -> 1.1060393 | T156: ='KPI framework'!I15 -> 0.20175724 | U156: ='KPI framework'!J15 -> ✓ | V156: ='KPI framework'!K15 -> ✓ | W156: ='KPI framework'!L15 -> ✗
P157: C2 Phosphorus use efficiency (%) | Q157: ='KPI framework'!F16 -> 0.3 | R157: ='KPI framework'!G16 -> 0.3215799 | S157: ='KPI framework'!H16 -> 0.95073466 | T157: ='KPI framework'!I16 -> 0.16270745 | U157: ='KPI framework'!J16 -> ✓ | V157: ='KPI framework'!K16 -> ✓ | W157: ='KPI framework'!L16 -> ✗
P158: C3 Net N released to water (kg N/t) | Q158: ='KPI framework'!F17 -> 60 | R158: ='KPI framework'!G17 -> 54.738487 | S158: ='KPI framework'!H17 -> -3.7987421 | T158: ='KPI framework'!I17 -> 95.929607 | U158: ='KPI framework'!J17 -> ✓ | V158: ='KPI framework'!K17 -> ✓ | W158: ='KPI framework'!L17 -> ✗
P159: C4 Fish feed conversion ratio (kg/kg) | Q159: ='KPI framework'!F18 -> 1.75 | R159: ='KPI framework'!G18 -> 1.7179254 | S159: ='KPI framework'!H18 -> 1.3692308 | T159: ='KPI framework'!I18 -> 1.7883331 | U159: ='KPI framework'!J18 -> ✓ | V159: ='KPI framework'!K18 -> ✓ | W159: ='KPI framework'!L18 -> ✗
P160: C5 Share of non-fed (extractive) biomass (%) | Q160: ='KPI framework'!F19 -> 0.5 | R160: ='KPI framework'!G19 -> 0.55197717 | S160: ='KPI framework'!H19 -> 0.99817205 | T160: ='KPI framework'!I19 -> 0 | U160: ='KPI framework'!J19 -> ✓ | V160: ='KPI framework'!K19 -> ✓ | W160: ='KPI framework'!L19 -> ✗
P161: C6 Feed share of global warming (%) | Q161: ='KPI framework'!F20 -> 0.6 | R161: ='KPI framework'!G20 -> 0.55301678 | S161: ='KPI framework'!H20 -> 0.58406375 | T161: ='KPI framework'!I20 -> 0.66043724 | U161: ='KPI framework'!J20 -> ✓ | V161: ='KPI framework'!K20 -> ✓ | W161: ='KPI framework'!L20 -> ✗
P162: Targets met | U162: ='KPI framework'!J22 -> 9 / 13 | V162: ='KPI framework'!K22 -> 12 / 13 | W162: ='KPI framework'!L22 -> 0 / 13
A181: 06_environmental_profile.png
P182: Data: each impact as % of the fish-only pond
P183: Impact category | Q183: Semi-intensive pond IMTA | R183: Semi-extensive pond IMTA | S183: Semi-intensive fish polyculture
P184: Global warming | Q184: =Comparison!C5/Comparison!$E5 -> 0.98765867 | R184: =Comparison!D5/Comparison!$E5 -> 0.44252468 | S184: =Comparison!E5/Comparison!$E5 -> 1
P185: Cumulative energy demand | Q185: =Comparison!C6/Comparison!$E6 -> 0.90219927 | R185: =Comparison!D6/Comparison!$E6 -> 0.1911669 | S185: =Comparison!E6/Comparison!$E6 -> 1
P186: Net primary production use | Q186: =Comparison!C7/Comparison!$E7 -> 0.84787182 | R186: =Comparison!D7/Comparison!$E7 -> 0.35620651 | S186: =Comparison!E7/Comparison!$E7 -> 1
P187: Acidification | Q187: =Comparison!C8/Comparison!$E8 -> 0.93333333 | R187: =Comparison!D8/Comparison!$E8 -> 0.13333333 | S187: =Comparison!E8/Comparison!$E8 -> 1
P188: Eutrophication | Q188: =Comparison!C9/Comparison!$E9 -> 0.42622951 | R188: =Comparison!D9/Comparison!$E9 -> 0.032786885 | S188: =Comparison!E9/Comparison!$E9 -> 1
P189: Land competition | Q189: =Comparison!C10/Comparison!$E10 -> 1.2383354 | R189: =Comparison!D10/Comparison!$E10 -> 2.0533838 | S189: =Comparison!E10/Comparison!$E10 -> 1
P190: Water dependence | Q190: =Comparison!C11/Comparison!$E11 -> 0.41689355 | R190: =Comparison!D11/Comparison!$E11 -> 0.29437764 | S190: =Comparison!E11/Comparison!$E11 -> 1
...

Sheet Data checks
A1: Data checks - do the report's tables agree with each other?
A2: Source: INTEGRATE deliverable PI05#3 (IPMA & CTAQUA, 2020)
A4: Check | B4: System | C4: Reported | D4: Recalculated | E4: Difference | F4: OK? | G4: Explanation
A5: Feed N = feed x protein / 6.25 | B5: SI-IMTA | C5: 126.9 | D5: ='Nutrient balance'!C8 -> 126.8736 | E5: =D5-C5 -> -0.0264 | F5: =IF(ABS(E5)<=0.1,"✓","check") -> ✓ | G5: Table 5 feed N is reproduced from Table 4
A6: N rejection = feed - extracted | B6: SI-IMTA | C6: ='Nutrient balance'!C12 -> 67.2 | D6: ='Nutrient balance'!C11 -> 67.2736 | E6: =D6-C6 -> 0.0736 | F6: =IF(ABS(E6)<=0.2,"✓","check") -> ✓ | G6: rounding only
A7: Water per t = Annex 1 water consumption | B7: SI-IMTA | C7: ='LCIA (Annex 1)'!C98 -> 82261 | D7: ='LCI per tonne'!C12 -> 82270.138 | E7: =D7-C7 -> 9.1383238 | F7: =IF(ABS(E7)<=0.01*ABS(C7),"✓","check") -> ✓ | G7: confirms the functional unit = fish + oyster gain
A8: FCR = feed / fish gain | B8: SI-IMTA | C8: =Inventory!C21 -> 1.72 | D8: =Inventory!C26 -> 1.7179254 | E8: =D8-C8 -> -0.0020746133 | F8: =IF(ABS(E8)<=0.02,"✓","check") -> ✓ | G8: matches
A9: Land: allocated farm area vs Direct activity (LC) | B9: SI-IMTA | C9: ='LCIA (Annex 1)'!C91 -> 941 | D9: ='LCI per tonne'!C13 -> 959.3372 | E9: =D9-C9 -> 18.337204 | F9: =IF(ABS(E9)<=0.05*ABS(C9),"✓","check") -> ✓ | G9: pond-area allocation rule reproduced within 5 %
A10: Feed N = feed x protein / 6.25 | B10: SE-IMTA | C10: 5.7 | D10: ='Nutrient balance'!D8 -> 5.696 | E10: =D10-C10 -> -0.004 | F10: =IF(ABS(E10)<=0.1,"✓","check") -> ✓ | G10: Table 5 feed N is reproduced from Table 4
A11: N rejection = feed - extracted | B11: SE-IMTA | C11: ='Nutrient balance'!D12 -> -0.5 | D11: ='Nutrient balance'!D11 -> -0.604 | E11: =D11-C11 -> -0.104 | F11: =IF(ABS(E11)<=0.2,"✓","check") -> ✓ | G11: rounding only
A12: Water per t = Annex 1 water consumption | B12: SE-IMTA | C12: ='LCIA (Annex 1)'!D98 -> 45273 | D12: ='LCI per tonne'!D12 -> 45188.679 | E12: =D12-C12 -> -84.320755 | F12: =IF(ABS(E12)<=0.01*ABS(C12),"✓","check") -> ✓ | G12: confirms the functional unit = fish + oyster gain
A13: FCR = feed / fish gain | B13: SE-IMTA | C13: =Inventory!D21 -> 0.56 | D13: =Inventory!D26 -> 1.3692308 | E13: =D13-C13 -> 0.80923077 | F13: =IF(ABS(E13)<=0.02,"✓","check") -> check | G13: semi-extensive: reported 0.56 = feed / (fish + oyster gain), a different definition
A14: Land: allocated farm area vs Direct activity (LC) | B14: SE-IMTA | C14: ='LCIA (Annex 1)'!D91 -> 4194 | D14: ='LCI per tonne'!D13 -> 4221.5998 | E14: =D14-C14 -> 27.599843 | F14: =IF(ABS(E14)<=0.05*ABS(C14),"✓","check") -> ✓ | G14: pond-area allocation rule reproduced within 5 %
A15: Feed N = feed x protein / 6.25 | B15: SI-POLY | C15: 737.5 | D15: ='Nutrient balance'!E8 -> 737.52 | E15: =D15-C15 -> 0.02 | F15: =IF(ABS(E15)<=0.1,"✓","check") -> ✓ | G15: Table 5 feed N is reproduced from Table 4
A16: N rejection = feed - extracted | B16: SI-POLY | C16: ='Nutrient balance'!E12 -> 588.7 | D16: ='Nutrient balance'!E11 -> 588.72 | E16: =D16-C16 -> 0.02 | F16: =IF(ABS(E16)<=0.2,"✓","check") -> ✓ | G16: rounding only
A17: Water per t = Annex 1 water consumption | B17: SI-POLY | C17: ='LCIA (Annex 1)'!E98 -> 195829 | D17: ='LCI per tonne'!E12 -> 195822.71 | E17: =D17-C17 -> -6.2853186 | F17: =IF(ABS(E17)<=0.01*ABS(C17),"✓","check") -> ✓ | G17: confirms the functional unit = fish + oyster gain
A18: FCR = feed / fish gain | B18: SI-POLY | C18: =Inventory!E21 -> 1.79 | D18: =Inventory!E26 -> 1.7883331 | E18: =D18-C18 -> -0.0016669382 | F18: =IF(ABS(E18)<=0.02,"✓","check") -> ✓ | G18: matches
A19: Land: allocated farm area vs Direct activity (LC) | B19: SI-POLY | C19: ='LCIA (Annex 1)'!E91 -> 460 | D19: ='LCI per tonne'!E13 -> 2288.8399 | E19: =D19-C19 -> 1828.8399 | F19: =IF(ABS(E19)<=0.05*ABS(C19),"✓","check") -> check | G19: polyculture does not match the pond-area rule x 26 months; to clarify with the authors

Sheet Sources
A1: Sources
A2: Source: INTEGRATE deliverable PI05#3 (IPMA & CTAQUA, 2020)
A4: Primary source | B4: INTEGRATE project (2020). LCA of aquaculture systems: comparison between semi-intensive/extensive pond IMTA and semi-intensive traditional fishpond production. Deliverable PI05#3, Interreg Atlantic Area EAPA_232/2016. Lead partner IPMA; contributing partners IPMA and CTAQUA.
A5: Related conference paper | B5: Cunha, M. E., Malta, E., Partida, B., Agraso, M. M., Ribeiro, L. Comparative life cycle assessment of semi-intensive and extensive pond IMTA and semi-intensive conventional fishpond production. Aquaculture Europe 2021. https://aquaeas.org/Program/PaperDetail/38885
A6: Software | B6: Wilfart, A., Aubin, J. et al. (2012). Piscentool: a tool to assess sustainability in aquaculture systems. 8th LCA Food conference, Saint-Malo.
A7: Nutrient balance | B7: Cho, C. Y., Kaushik, S. J. (1990). Nutritional energetics in fish: energy and protein utilization in rainbow trout. World Review of Nutrition and Dietetics 61: 132-172.
A8: Impact categories | B8: Aubin, J., Papatryphon, E., van der Werf, H. M. G., Chatzifotis, S. (2009). Assessment of the environmental impact of carnivorous finfish production systems using LCA. J. Cleaner Production 17: 354-361.
A9: IMTA LCA review | B9: Hala, A. F., Chougule, K., Cunha, M. E., Caria Mendes, M., Oliveira, I., Bradley, T., Forbes, J., Galileu Speranza, L. (2024). Life cycle assessment of integrated multi-trophic aquaculture: a review on methodology and challenges for its sustainability evaluation. Aquaculture 590, 741035.
A10: LCI schema | B10: Nair, R. R., Chougule, K. M., Gomez Trillos, J. C., Brand-Daniels, U. (2025). A generalized schema to publish and share life cycle inventories (LCI). J. Cleaner Production 520, 146120.
